block_height,block_timestamp,aave_Deposit_Count,aave_LiqThreshold,aaave_balance,aave_Debt_Count,variabledebtaave,variabledebtaave_borrow,stabledebtaave_borrow,stabledebtaave,aave_eth,ampl_Deposit_Count,ampl_LiqThreshold,aampl_balance,ampl_Debt_Count,variabledebtampl,variabledebtampl_borrow,stabledebtampl_borrow,stabledebtampl,ampl_eth,bal_Deposit_Count,bal_LiqThreshold,abal_balance,bal_Debt_Count,variabledebtbal,variabledebtbal_borrow,stabledebtbal_borrow,stabledebtbal,bal_eth,bat_Deposit_Count,bat_LiqThreshold,abat_balance,bat_Debt_Count,variabledebtbat,variabledebtbat_borrow,stabledebtbat_borrow,stabledebtbat,bat_eth,busd_Deposit_Count,busd_LiqThreshold,abusd_balance,busd_Debt_Count,variabledebtbusd,variabledebtbusd_borrow,stabledebtbusd_borrow,stabledebtbusd,busd_eth,crv_Deposit_Count,crv_LiqThreshold,acrv_balance,crv_Debt_Count,variabledebtcrv,variabledebtcrv_borrow,stabledebtcrv_borrow,stabledebtcrv,crv_eth,dai_Deposit_Count,dai_LiqThreshold,adai_balance,dai_Debt_Count,variabledebtdai,variabledebtdai_borrow,stabledebtdai_borrow,stabledebtdai,dai_eth,dpi_Deposit_Count,dpi_LiqThreshold,adpi_balance,dpi_Debt_Count,variabledebtdpi,variabledebtdpi_borrow,stabledebtdpi_borrow,stabledebtdpi,dpi_eth,enj_Deposit_Count,enj_LiqThreshold,aenj_balance,enj_Debt_Count,variabledebtenj,variabledebtenj_borrow,stabledebtenj_borrow,stabledebtenj,enj_eth,fei_Deposit_Count,fei_LiqThreshold,afei_balance,fei_Debt_Count,variabledebtfei,variabledebtfei_borrow,stabledebtfei_borrow,stabledebtfei,fei_eth,frax_Deposit_Count,frax_LiqThreshold,afrax_balance,frax_Debt_Count,variabledebtfrax,variabledebtfrax_borrow,stabledebtfrax_borrow,stabledebtfrax,frax_eth,gusd_Deposit_Count,gusd_LiqThreshold,agusd_balance,gusd_Debt_Count,variabledebtgusd,variabledebtgusd_borrow,stabledebtgusd_borrow,stabledebtgusd,gusd_eth,knc_Deposit_Count,knc_LiqThreshold,aknc_balance,knc_Debt_Count,variabledebtknc,variabledebtknc_borrow,stabledebtknc_borrow,stabledebtknc,knc_eth,link_Deposit_Count,link_LiqThreshold,alink_balance,link_Debt_Count,variabledebtlink,variabledebtlink_borrow,stabledebtlink_borrow,stabledebtlink,link_eth,mana_Deposit_Count,mana_LiqThreshold,amana_balance,mana_Debt_Count,variabledebtmana,variabledebtmana_borrow,stabledebtmana_borrow,stabledebtmana,mana_eth,mkr_Deposit_Count,mkr_LiqThreshold,amkr_balance,mkr_Debt_Count,variabledebtmkr,variabledebtmkr_borrow,stabledebtmkr_borrow,stabledebtmkr,mkr_eth,pax_Deposit_Count,pax_LiqThreshold,apax_balance,pax_Debt_Count,variabledebtpax,variabledebtpax_borrow,stabledebtpax_borrow,stabledebtpax,pax_eth,rai_Deposit_Count,rai_LiqThreshold,arai_balance,rai_Debt_Count,variabledebtrai,variabledebtrai_borrow,stabledebtrai_borrow,stabledebtrai,rai_eth,ren_Deposit_Count,ren_LiqThreshold,aren_balance,ren_Debt_Count,variabledebtren,variabledebtren_borrow,stabledebtren_borrow,stabledebtren,ren_eth,renfil_Deposit_Count,renfil_LiqThreshold,arenfil_balance,renfil_Debt_Count,variabledebtrenfil,variabledebtrenfil_borrow,stabledebtrenfil_borrow,stabledebtrenfil,renfil_eth,snx_Deposit_Count,snx_LiqThreshold,asnx_balance,snx_Debt_Count,variabledebtsnx,variabledebtsnx_borrow,stabledebtsnx_borrow,stabledebtsnx,snx_eth,steth_Deposit_Count,steth_LiqThreshold,asteth_balance,steth_Debt_Count,variabledebtsteth,variabledebtsteth_borrow,stabledebtsteth_borrow,stabledebtsteth,steth_eth,susd_Deposit_Count,susd_LiqThreshold,asusd_balance,susd_Debt_Count,variabledebtsusd,variabledebtsusd_borrow,stabledebtsusd_borrow,stabledebtsusd,susd_eth,tusd_Deposit_Count,tusd_LiqThreshold,atusd_balance,tusd_Debt_Count,variabledebttusd,variabledebttusd_borrow,stabledebttusd_borrow,stabledebttusd,tusd_eth,uni_Deposit_Count,uni_LiqThreshold,auni_balance,uni_Debt_Count,variabledebtuni,variabledebtuni_borrow,stabledebtuni_borrow,stabledebtuni,uni_eth,usdc_Deposit_Count,usdc_LiqThreshold,ausdc_balance,usdc_Debt_Count,variabledebtusdc,variabledebtusdc_borrow,stabledebtusdc_borrow,stabledebtusdc,usdc_eth,usdt_Deposit_Count,usdt_LiqThreshold,ausdt_balance,usdt_Debt_Count,variabledebtusdt,variabledebtusdt_borrow,stabledebtusdt_borrow,stabledebtusdt,usdt_eth,wbtc_Deposit_Count,wbtc_LiqThreshold,awbtc_balance,wbtc_Debt_Count,variabledebtwbtc,variabledebtwbtc_borrow,stabledebtwbtc_borrow,stabledebtwbtc,wbtc_eth,weth_Deposit_Count,weth_LiqThreshold,aweth_balance,weth_Debt_Count,variabledebtweth,variabledebtweth_borrow,stabledebtweth_borrow,stabledebtweth,weth_eth,xsushi_Deposit_Count,xsushi_LiqThreshold,axsushi_balance,xsushi_Debt_Count,variabledebtxsushi,variabledebtxsushi_borrow,stabledebtxsushi_borrow,stabledebtxsushi,xsushi_eth,yfi_Deposit_Count,yfi_LiqThreshold,ayfi_balance,yfi_Debt_Count,variabledebtyfi,variabledebtyfi_borrow,stabledebtyfi_borrow,stabledebtyfi,yfi_eth,zrx_Deposit_Count,zrx_LiqThreshold,azrx_balance,zrx_Debt_Count,variabledebtzrx,variabledebtzrx_borrow,stabledebtzrx_borrow,stabledebtzrx,zrx_eth,ust_Deposit_Count,ust_LiqThreshold,aust_balance,ust_Debt_Count,variabledebtust,variabledebtust_borrow,stabledebtust_borrow,stabledebtust,ust_eth,ens_Deposit_Count,ens_LiqThreshold,aens_balance,ens_Debt_Count,variabledebtens,variabledebtens_borrow,stabledebtens_borrow,stabledebtens,ens_eth,sum_total_collateral_eth_x_LT,total_collateral_eth,current_liquidation_threshold,available_borrows_eth,total_debt_eth,HF
11581206,2021-01-03 11:25:03,0,0,0,0,0,0,0,0,0,0,0,0,0,0,0,0,0,0,0,0,0,0,0,0,0,0,0,0,0,0,0,0,0,0,0,0,0,0,0,0,0,0,0,0,0,0,0,0,0,0,0,0,0,0,0,0,0,0,0,0,0,0,0,0,0,0,0,0,0,0,0,0,0,0,0,0,0,0,0,0,0,0,0,0,0,0,0,0,0,0,0,0,0,0,0,0,0,0,0,0,0,0,0,0,0,0,0,0,0,0,0,0,0,0,0,0,0,0,0,0,0,0,0,0,0,0,0,0,0,0,0,0,0,0,0,0,0,0,0,0,0,0,0,0,0,0,0,0,0,0,0,0,0,0,0,0,0,0,0,0,0,0,0,0,0,0,0,0,0,0,0,0,0,0,0,0,0,0,0,0,0,0,0,0,0,0,0,0,0,0,0,0,0,0,0,0,0,0.0,0,0,0,0,0,0,0,0,0,0,0,0,0,0,0,0,0,0,0,0,0,0,0,0,0,0,0,0,0,0,0,0,0,0,0,0,0,0,0,0,0,0,0,0,0,0,0,0,0,0,0,0,0,0,310,0.825,310,0,0,0,0,0,1,0,0,0,0,0,0,0,0,0,0,0,0,0,0,0,0,0,0,0,0,0,0,0,0,0,0,0,0,0,0,0,0,0,0,0,0,0,0,0,0,0,0,0,0,0,255.7500000000,310.0000000000,0.825,255.75,0,inf
11631146,2021-01-11 03:24:23,0,0,0,0,0,0,0,0,0,0,0,0,0,0,0,0,0,0,0,0,0,0,0,0,0,0,0,0,0,0,0,0,0,0,0,0,0,0,0,145036.101531815,145036.101531815,145036.101531815,0,0,0.0008935137882151,0,0,0,0,0,0,0,0,0,0,0,0,0,0,0,0,0,0,0,0,0,0,0,0,0,0,0,0,0,0,0,0,0,0,0,0,0,0,0,0,0,0,0,0,0,0,0,0,0,0,0,0,0,0,0,0,0,80030.2643557082,80030.2643557082,80030.2643557082,0,0,0.0008791843867297,0,0,0,0,0,0,0,0,0,0,0,0,0,0,0,0,0,0,0,0,0,0,0,0,0,0,0,0,0,0,0,0,0,0,0,0,0,0,0,0,0,0,0,0,0,0,0,0,0,0,0,0,0,0,0,0,0,0,0,0,0,0,0,0,0,0,0,0,0,0,0,0,0,0,0,0,0,0,0,0,0,0,0,0,0,0,0,0,0,0.0,0,0,0,0,0,0,0,0,0,0,0,0,0,0,0,0,0,0,0,0,0,0,0,0,0,0,0,0,0,0,60112.9448113742,60112.9448113742,60112.9448113742,0,0,0.0008944454846158,0,0,0,0,0,0,0,0,0.0008954806037749,0,0,0,0,0,0,0,0,0,530.019682684913,0.825,530.019682684913,0,0,0,0,0,1,0,0,0,0,0,0,0,0,0,0,0,0,0,0,0,0,0,0,0,0,0,0,0,0,0,0,0,0,0,0,0,0,0,0,0,0,0,0,0,0,0,0,0,0,0,437.2662382151,530.0196826849,0.825,183.54537076653,253.720867448523,1.723414564250490
11687155,2021-01-19 17:40:20,0,0,0,0,0,0,0,0,0,0,0,0,0,0,0,0,0,0,0,0,0,0,0,0,0,0,0,0,0,0,0,0,0,0,0,0,0,0,0,145036.101531815,145036.101531815,145036.101531815,0,0,0.0007039785553047,0,0,0,0,0,0,0,0,0,0,0,0,0,0,0,0,0,0,0,0,0,0,0,0,0,0,0,0,0,0,0,0,0,0,0,0,0,0,0,0,0,0,0,0,0,0,0,0,0,0,0,0,0,0,0,0,0,180039.461940071,180039.461940071,180039.461940071,0,0,0.0007043728837471,0,0,0,0,0,0,0,0,0,0,0,0,0,0,0,0,0,0,0,0,0,0,0,0,0,0,0,0,0,0,0,0,0,0,0,0,0,0,0,0,0,0,0,0,0,0,0,0,0,0,0,0,0,0,0,0,0,0,0,0,0,0,0,0,0,0,0,0,0,0,0,0,0,0,0,0,0,0,0,0,0,0,0,0,0,0,0,0,0,0.0,0,0,0,0,0,0,0,0,0,0,0,0,0,0,0,0,0,0,0,0,0,0,0,0,0,0,0,0,0,0,60112.9448113742,60112.9448113742,60112.9448113742,0,0,0.0007044123871331,0,0,0,0,0,0,0,0,0,0,0,0,0,0,0,0,0,0,595.024133865868,0.825,595.024133865868,0,0,0,0,0,1,0,0,0,0,0,0,0,0,0,0,0,0,0,0,0,0,0,0,0,0,0,0,0,0,0,0,0,0,0,0,0,0,0,0,0,0,0,0,0,0,0,0,0,0,0,490.8949104393,595.0241338659,0.825,219.633387268764,271.261523170577,1.809673943807550
11733523,2021-01-26 20:30:50,0,0,0,0,0,0,0,0,0,0,0,0,0,0,0,0,0,0,0,0,0,0,0,0,0,0,0,0,0,0,0,0,0,0,0,0,0,0,0,230605.222762676,230605.222762676,230605.222762676,0,0,0.0007468338506658,0,0,0,0,0,0,0,0,0,0,0,0,0,0,0,0,0,0,0,0,0,0,0,0,0,0,0,0,0,0,0,0,0,0,0,0,0,0,0,0,0,0,0,0,0,0,0,0,0,0,0,0,0,0,0,0,0,180039.461940071,180039.461940071,180039.461940071,0,0,0.0007491704070922,0,0,0,0,0,0,0,0,0,0,0,0,0,0,0,0,0,0,0,0,0,0,0,0,0,0,0,0,0,0,0,0,0,0,0,0,0,0,0,0,0,0,0,0,0,0,0,0,0,0,0,0,0,0,0,0,0,0,0,0,0,0,0,0,0,0,0,0,0,0,0,0,0,0,0,0,0,0,0,0,0,0,0,0,0,0,0,0,0,0.0,0,0,0,0,0,0,0,0,0,0,0,0,0,0,0,0,0,0,0,0,0,0,0,0,0,0,0,0,0,0,66974.2417965644,66974.2417965644,66974.2417965644,0,0,0.0007446409563579,0,0,0,0,0,0,0,0,0,0,0,0,0,0,0,0,0,0,595.024133865868,0.825,595.024133865868,0,0,0,0,0,1,0,0,0,0,0,0,0,0,0,0,0,0,0,0,0,0,0,0,0,0,0,0,0,0,0,0,0,0,0,0,0,0,0,0,0,0,0,0,0,0,0,0,0,0,0,490.8949104393,595.0241338659,0.825,133.919123482805,356.975786956536,1.375149039167490
11777444,2021-02-02 14:48:45,0,0,0,0,0,0,0,0,0,0,0,0,0,0,0,0,0,0,0,0,0,0,0,0,0,0,0,0,0,0,0,0,0,0,0,0,0,0,0,230605.222762676,230605.222762676,230605.222762676,0,0,0.0007024407090249,0,0,0,0,0,0,0,0,0,0,0,0,0,0,0,0,0,0,0,0,0,0,0,0,0,0,0,0,0,0,0,0,0,0,0,0,0,0,0,0,0,0,0,0,0,0,0,0,0,0,0,0,0,0,0,0,0,180039.461940071,180039.461940071,180039.461940071,0,0,0.0007060217782006,0,0,0,0,0,0,0,0,0,0,0,0,0,0,0,0,0,0,0,0,0,0,0,0,0,0,0,0,0,0,0,0,0,0,0,0,0,0,0,0,0,0,0,0,0,0,0,0,0,0,0,0,0,0,0,0,0,0,0,0,0,0,0,0,0,0,0,0,0,0,0,0,0,0,0,0,0,0,0,0,0,0,0,0,0,0,0,0,0,0.0,0,0,0,80000,80000,80000,0,0,0.0007097431018078,0,0,0,0,0,0,0,0,0,0,0,0,0,0,0,0,0,0,0,0,0,66974.2417965644,66974.2417965644,66974.2417965644,0,0,0.0007027057123726,0,0,0,0,0,0,0,0,0.000703172992212,0,0,0,0,0,0,0,0,0,595.024133865868,0.825,595.024133865868,0,0,0,0,0,1,0,0,0,0,0,0,0,0,0,0,0,0,0,0,0,0,0,0,0,0,0,0,0,0,0,0,0,0,0,0,0,0,0,0,0,0,0,0,0,0,0,0,0,0,0,490.8949104393,595.0241338659,0.825,97.9540027549805,392.940907684361,1.249284309267350
11826259,2021-02-10 03:13:59,0,0,0,0,0,0,0,0,0,0,0,0,0,0,0,0,0,0,0,0,0,0,0,0,0,0,0,0,0,0,0,0,0,0,0,0,0,0,0,230605.222762676,230605.222762676,230605.222762676,0,0,0.0005512236375836,0,0,0,0,0,0,0,0,0,0,0,0,56000,56000,56000,0,0,0.0005533021300666,0,0,0,0,0,0,0,0,0,0,0,0,0,0,0,0,0,0,0,0,0,0,0,0,0,0,0,0,0,0,0,0,0,0,0,0,0,0,0,221433.499556874,221433.499556874,221433.499556874,0,0,0.0005514826173033,0,0,0,0,0,0,0,0,0,0,0,0,0,0,0,0,0,0,0,0,0,0,0,0,0,0,0,0,0,0,0,0,0,0,0,0,0,0,0,0,0,0,0,0,0,0,0,0,0,0,0,0,0,0,0,0,0,0,0,0,0,0,0,0,0,0,0,0,0,0,0,0,0,0,0,0,0,0,0,0,0,0,0,0,0,0,0,0,0,0.0,0,0,0,120130.293458916,120130.293458916,120130.293458916,0,0,0.0005533476040216,0,0,0,0,0,0,0,0,0,0,0,0,0,0,0,0,0,0,0,0,0,66974.2417965644,66974.2417965644,66974.2417965644,0,0,0.0005523732413502,0,0,0,3299.9999999107,3299.9999999107,3299.9999999107,0,0,0.0005525368366764,0,0,0,0,0,0,0,0,0,595.024133865868,0.825,595.024133865868,0,0,0,0,0,1,0,0,0,0,0,0,0,0,0,0,0,0,0,0,0,0,0,0,0,0,0,0,0,0,0,0,0,0,0,0,0,0,0,0,0,0,0,0,0,0,0,0,0,0,0,490.8949104393,595.0241338659,0.825,105.386254879313,385.508655560028,1.273369361126840
11859304,2021-02-15 05:04:40,0,0,0,0,0,0,0,0,0,0,0,0,0,0,0,0,0,0,0,0,0,0,0,0,0,0,0,0,0,0,0,0,0,0,0,0,0,0,0,230605.222762676,230605.222762676,230605.222762676,0,0,0.0005811804041285,0,0,0,0,0,0,0,0,0,0,0,0,56000,56000,56000,0,0,0.0005851065561854,0,0,0,0,0,0,0,0,0,0,0,0,0,0,0,0,0,0,0,0,0,0,0,0,0,0,0,0,0,0,0,0,0,0,0,0,0,0,0,221433.499556874,221433.499556874,221433.499556874,0,0,0.0005794836458787,0,0,0,0,0,0,0,0,0,0,0,0,0,0,0,0,0,0,0,0,0,0,0,0,0,0,0,0,0,0,0,0,0,0,0,0,0,0,0,0,0,0,0,0,0,0,0,0,0,0,0,0,0,0,0,0,0,0,0,0,0,0,0,0,0,0,0,0,0,0,0,0,0,0,0,0,0,0,0,0,0,0,0,0,0,0,0,0,0,0.0,0,0,0,120130.293458916,120130.293458916,120130.293458916,0,0,0.0005887710423026,0,0,0,0,0,0,0,0,0,0,0,0,0,0,0,0,0,0,0,0,0,77693.7323226726,77693.7323226726,77693.7323226726,0,0,0.0005809181567088,0,0,0,3299.9999999107,3299.9999999107,3299.9999999107,0,0,0.0005819892426224,0,0,0,0,0,0,0,0,0,595.024133865868,0.825,595.024133865868,0,0,0,0,0,1,0,0,0,0,0,0,0,0,0,0,0,0,0,0,0,0,0,0,0,0,0,0,0,0,0,0,0,0,0,0,0,0,0,0,0,0,0,0,0,0,0,0,0,0,0,490.8949104393,595.0241338659,0.825,78.0051127294684,412.889797709873,1.188924776446720
11915354,2021-02-23 19:45:34,0,0,0,0,0,0,0,0,0,0,0,0,0,0,0,0,0,0,0,0,0,0,0,0,0,0,0,0,0,0,0,0,0,0,0,0,0,0,0,230605.222762676,230605.222762676,230605.222762676,0,0,0.0006899439311271,0,0,0,0,0,0,0,0,0,0,0,0,56000,56000,56000,0,0,0.0006878156444493,0,0,0,0,0,0,0,0,0,0,0,0,0,0,0,0,0,0,0,0,0,0,0,0,0,0,0,0,0,0,0,0,0,0,0,0,0,0,0,221433.499556874,221433.499556874,221433.499556874,0,0,0.0006805287472925,0,0,0,0,0,0,0,0,0,0,0,0,0,0,0,0,0,0,0,0,0,0,0,0,0,0,0,0,0,0,0,0,0,0,0,0,0,0,0,0,0,0,0,0,0,0,0,0,0,0,0,0,0,0,0,0,0,0,0,0,0,0,0,0,0,0,0,0,0,0,0,0,0,0,0,0,0,0,0,0,0,0,0,0,0,0,0,0,0,0.0,0,0,0,120130.293458916,120130.293458916,120130.293458916,0,0,0.0006934334987525,0,0,0,0,0,0,0,0,0,0,0,0,0,0,0,0,0,0,0,0,0,41842.6827284086,41842.6827284086,41842.6827284086,0,0,0.0006881001014449,0,0,0,3299.9999999107,3299.9999999107,3299.9999999107,0,0,0.000689022016286,0,0,0,0,0,0,0,0,0,568.967675788748,0.825,568.967675788748,0,0,0,0,0,1,0,0,0,0,0,0,0,0,0,0,0,0,0,0,0,0,0,0,0,0,0,0,0,0,0,0,0,0,0,0,0,0,0,0,0,0,0,0,0,0,0,0,0,0,0,469.3983325257,568.9676757887,0.825,6.71602385999387,462.682308665723,1.014515410972510
11965363,2021-03-03 12:47:35,0,0,0,0,0,0,0,0,0,0,0,0,0,0,0,0,0,0,0,0,0,0,0,0,0,0,0,0,0,0,0,0,0,0,0,0,0,0,0,58865.3082367601,58865.3082367601,58865.3082367601,0,0,0.0006060469698259,0,0,0,0,0,0,0,0,0,0,0,0,0,0,0,0,0,0,0,0,0,0,0,0,0,0,0,0,0,0,0,0,0,0,0,0,0,0,0,0,0,0,0,0,0,0,0,0,0,0,0,0,0,0,0,0,0,221433.499556874,221433.499556874,221433.499556874,0,0,0.0006071433783734,0,0,0,0,0,0,0,0,0,0,0,0,0,0,0,0,0,0,0,0,0,0,0,0,0,0,0,0,0,0,0,0,0,0,0,0,0,0,0,0,0,0,0,0,0,0,0,0,0,0,0,0,0,0,0,0,0,0,0,0,0,0,0,0,0,0,0,0,0,0,0,0,0,0,0,0,0,0,0,0,0,0,0,0,0,0,0,0,0,0.0,0,0,0,0,0,0,0,0,0,0,0,0,0,0,0,0,0,0,0,0,0,0,0,0,0,0,0,0,0,0,20942.2980439763,20942.2980439763,20942.2980439763,0,0,0.0006061284555416,69.9050083440437,0,69.9050083440437,0,0.000000157816214,0.000000157816214,0,0,0.0006076146576991,0,0,0,0,0,0,0,0,0,283.029661974903,0.825,283.029661974903,0,0,0,0,0,1,0,0,0,0,0,0,0,0,0,0,0,0,0,0,0,0,0,0,0,0,0,0,0,0,0,0,0,0,0,0,0,0,0,0,0,0,0,0,0,0,0,0,0,0,0,233.4994711293,283.0296619749,0.825,50.6887236696466,182.810747459648,1.277274308945290
12011731,2021-03-10 15:52:54,0,0,0,0,0,0,0,0,0,0,0,0,0,0,0,0,0,0,0,0,0,0,0,0,0,0,0,0,0,0,0,0,0,0,0,0,0,0,0,58865.3082367601,58865.3082367601,58865.3082367601,0,0,0.000546000218627,0,0,0,0,0,0,0,0,0,0,0,0,0,0,0,0,0,0,0,0,0,0,0,0,0,0,0,0,0,0,0,0,0,0,0,0,0,0,0,0,0,0,0,0,0,0,0,0,0,0,0,0,0,0,0,0,0,221433.499556874,221433.499556874,221433.499556874,0,0,0.0005462155662439,0,0,0,0,0,0,0,0,0,0,0,0,0,0,0,0,0,0,0,0,0,0,0,0,0,0,0,0,0,0,0,0,0,0,0,0,0,0,0,0,0,0,0,0,0,0,0,0,0,0,0,0,0,0,0,0,0,0,0,0,0,0,0,0,0,0,0,0,0,0,0,0,0,0,0,0,0,0,0,0,0,0,0,0,0,0,0,0,0,0.0,0,0,0,0,0,0,0,0,0,0,0,0,57337.52293266,57337.52293266,57337.52293266,0,0,0.0005457641014429,0,0,0,0,0,0,0,0,0,0,0,0,20942.2980439763,20942.2980439763,20942.2980439763,0,0,0.0005462259510275,69.9050083440437,0,69.9050083440437,0,0.000000157816214,0.000000157816214,0,0,0.0005464719064276,0,0,0,0,0,0,0,0,0,318.039675104109,0.825,318.039675104109,0,0,0,0,0,1,0,0,0,0,0,0,0,0,0,0,0,0,0,0,0,0,0,0,0,0,0,0,0,0,0,0,0,0,0,0,0,0,0,0,0,0,0,0,0,0,0,0,0,0,0,262.3827319609,318.0396751041,0.825,66.5598481001695,195.82288386072,1.339898212036910
12058099,2021-03-17 19:37:57,0,0,0,0,0,0,0,0,0,0,0,0,0,0,0,0,0,0,0,0,0,0,0,0,0,0,0,0,0,0,0,0,0,0,0,0,0,0,0,58865.3082367601,58865.3082367601,58865.3082367601,0,0,0.0005458670059409,0,0,0,0,0,0,0,0,0,0,0,0,0,0,0,0,0,0,0,0,0,0,0,0,0,0,0,0,0,0,0,0,0,0,0,0,0,0,0,0,0,0,0,0,0,0,0,0,0,0,0,0,0,0,0,0,0,221433.499556874,221433.499556874,221433.499556874,0,0,0.0005444969858465,0,0,0,0,0,0,0,0,0,0,0,0,0,0,0,0,0,0,0,0,0,0,0,0,0,0,0,0,0,0,0,0,0,0,0,0,0,0,0,0,0,0,0,0,0,0,0,0,0,0,0,0,0,0,0,0,0,0,0,0,0,0,0,0,0,0,0,0,0,0,0,0,0,0,0,0,0,0,0,0,0,0,0,0,0,0,0,0,0,0.0,0,0,0,0,0,0,0,0,0,0,0,0,57337.52293266,57337.52293266,57337.52293266,0,0,0.0005455098942862,0,0,0,0,0,0,0,0,0,0,0,0,121089.527886413,121089.527886413,121089.527886413,0,0,0.0005451686178577,69.9050083440437,0,69.9050083440437,0,0.000000157816214,0.000000157816214,0,0,0.0005465828673772,0,0,0,0,0,0,0,0,0,372.050979620666,0.825,372.050979620666,0,0,0,0,0,1,0,0,0,0,0,0,0,0,0,0,0,0,0,0,0,0,0,0,0,0,0,0,0,0,0,0,0,0,0,0,0,0,0,0,0,0,0,0,0,0,0,0,0,0,0,306.9420581871,372.0509796207,0.825,56.9471589233959,249.994899263653,1.227793283347500
12103530,2021-03-24 19:41:18,0,0,0,0,0,0,0,0,0,0,0,0,0,0,0,0,0,0,0,0,0,0,0,0,0,0,0,0,0,0,0,0,0,0,0,0,0,0,0,58865.3082367601,58865.3082367601,58865.3082367601,0,0,0.0006133187157783,0,0,0,0,0,0,0,0,0,0,0,0,0,0,0,0,0,0.0006095453042125,0,0,0,0,0,0,0,0,0,0,0,0,0,0,0,0,0,0,0,0,0,0,0,0,0,0,0,0,0,0,0,0,0,0,0,0,0,0,0,221433.499556874,221433.499556874,221433.499556874,0,0,0.0006096586106789,0,0,0,0,0,0,0,0,0,0,0,0,0,0,0,0,0,0,0,0,0,0,0,0,0,0,0,0,0,0,0,0,0,0,0,0,0,0,0,0,0,0,0,0,0,0,0,0,0,0,0,0,0,0,0,0,0,0,0,0,0,0,0,0,0,0,0,0,0,0,0,0,0,0,0,0,0,0,0,0,0,0,0,0,0,0,0,0,0,0.0,0,0,0,0,0,0,0,0,0.0006092868429756,0,0,0,57337.52293266,57337.52293266,57337.52293266,0,0,0.0006127142104682,0,0,0,0,0,0,0,0,0,0,0,0,100721.203918337,100721.203918337,100721.203918337,0,0,0.000612532920122,69.9050083440437,0,69.9050083440437,0,0.000000157816214,0.000000157816214,0,0,0.0006136365863517,0,0,0,0,0,0,0,0,0,336.052994099797,0.825,336.052994099797,0,0,0,0,0,1,0,0,0,0,0,0,0,0,0,0,0,0,0,0,0,0,0,0,0,0,0,0,0,0,0,0,0,0,0,0,0,0,0,0,0,0,0,0,0,0,0,0,0,0,0,277.2437201323,336.0529940998,0.825,9.31511693486902,267.928603197464,1.034767161190340
12150835,2021-04-01 02:08:53,0,0,0,0,0,0,0,0,0,0,0,0,0,0,0,0,0,0,0,0,0,0,0,0,0,0,0,0,0,0,0,0,0,0,0,0,0,0,0,58865.3082367601,58865.3082367601,58865.3082367601,0,0,0.000517351600536,0,0,0,0,0,0,0,0,0,0,0,0,0,0,0,0,0,0,0,0,0,0,0,0,0,0,0,0,0,0,0,0,0,0,0,0,0,0,0,0,0,0,0,0,0,0,0,0,0,0,0,0,0,0,0,0,0,221433.499556874,221433.499556874,221433.499556874,0,0,0.0005152944706874,0,0,0,0,0,0,0,0,0,0,0,0,0,0,0,0,0,0,0,0,0,0,0,0,0,0,0,0,0,0,0,0,0,0,0,0,0,0,0,0,0,0,0,0,0,0,0,0,0,0,0,0,0,0,0,0,0,0,0,0,0,0,0,0,0,0,0,0,0,0,0,0,0,0,0,0,0,0,0,0,0,0,0,0,0,0,0,0,0,0.0,0,0,0,0,0,0,0,0,0,0,0,0,29295.7503418647,29295.7503418647,29295.7503418647,0,0,0.000517017886061,0,0,0,0,0,0,0,0,0,0,0,0,25309.1118385399,25309.1118385399,25309.1118385399,0,0,0.0005168564613848,69.9050083440437,0,69.9050083440437,0,0.000000157816214,0.000000157816214,0,0,0.0005176387502004,0,0,0,0,0,0,0,0,0,266.541872454251,0.825,266.541872454251,0,0,0,0,0,1,0,0,0,0,0,0,0,0,0,0,0,0,0,0,0,0,0,0,0,0,0,0,0,0,0,0,0,0,0,0,0,0,0,0,0,0,0,0,0,0,0,0,0,0,0,219.8970447748,266.5418724543,0.825,47.1119204978251,172.785124276932,1.272661901277540
12192725,2021-04-07 12:40:54,0,0,0,0,0,0,0,0,0,0,0,0,0,0,0,0,0,0,0,0,0,0,0,0,0,0,0,0,0,0,0,0,0,0,0,0,0,0,0,58865.3082367601,58865.3082367601,58865.3082367601,0,0,0.0005051864625562,0,0,0,0,0,0,0,0,0,0,0,0,0,0,0,0,0,0.0005098399588552,0,0,0,0,0,0,0,0,0,0,0,0,0,0,0,0,0,0,0,0,0,0,0,0,0,0,0,0,0,0,0,0,0,0,0,0,0,0,0,221433.499556874,221433.499556874,221433.499556874,0,0,0.0005039173272019,0,0,0,0,0,0,0,0,0,0,0,0,0,0,0,0,0,0,0,0,0,0,0,0,0,0,0,0,0,0,0,0,0,0,0,0,0,0,0,0,0,0,0,0,0,0,0,0,0,0,0,0,0,0,0,0,0,0,0,0,0,0,0,0,0,0,0,0,0,0,0,0,0,0,0,0,0,0,0,0,0,0,0,0,0,0,0,0,0,0.0,0,0,0,0,0,0,0,0,0.000512769508481,0,0,0,0,0,0,0,0,0.000504971662532,0,0,0,0,0,0,0,0,0,0,0,0,25309.1118385399,25309.1118385399,25309.1118385399,0,0,0.000504949476614,258.427412855665,0,258.427412855665,30000.00000016,30000.00000016,30000.00000016,0,0,0.0005054400879369,0,0,0,0,0,0,0,0,0,256.787406800229,0.825,256.787406800229,0,0,0,0,0,1,0,0,0,0,0,0,0,0,0,0,0,0,0,0,0,0,0,0,0,0,0,0,0,0,0,0,0,0,0,0,0,0,0,0,0,0,0,0,0,0,0,0,0,0,0,211.8496106102,256.7874068002,0.825,42.584451110493,169.265159499696,1.251584267172060
12242553,2021-04-15 04:35:30,0,0,0,0,0,0,0,0,0,0,0,0,0,0,0,0,0,0,0,0,0,0,0,0,0,0,0,0,0,0,0,0,0,0,0,0,0,0,0,58865.3082367601,58865.3082367601,58865.3082367601,0,0,0.000408116950582,0,0,0,0,0,0,0,0,0,0,0,0,0,0,0,0,0,0.0004077013653198,0,0,0,0,0,0,0,0,0,0,0,0,0,0,0,0,0,0,0,0,0,0,0,0,0,0,0,0,0,0,0,0,0,0,0,0,0,0,0,221433.499556874,221433.499556874,221433.499556874,0,0,0.0004080753920558,0,0,0,0,0,0,0,0,0,0,0,0,0,0,0,0,0,0,0,0,0,0,0,0,0,0,0,0,0,0,0,0,0,0,0,0,0,0,0,0,0,0,0,0,0,0,0,0,0,0,0,0,0,0,0,0,0,0,0,0,0,0,0,0,0,0,0,0,0,0,0,0,0,0,0,0,0,0,0,0,0,0,0,0,0,0,0,0,0,0.0,0,0,0,0,0,0,0,0,0.0004106732073811,0,0,0,0,0,0,0,0,0.0004084371956958,0,0,0,0,0,0,0,0,0,0,0,0,25309.1118385399,25309.1118385399,25309.1118385399,0,0,0.0004077661477283,258.427412855665,0,258.427412855665,2.69761764748231,2.69761764748231,2.69761764748231,0,0,0.0004091840268582,0,0,0,0,0,0,0,0,0,256.787406800229,0.825,256.787406800229,0,0,0,0,0,1,0,0,0,0,0,0,0,0,0,0,0,0,0,0,0,0,0,0,0,0,0,0,0,0,0,0,0,0,0,0,0,0,0,0,0,0,0,0,0,0,0,0,0,0,0,211.8496106102,256.7874068002,0.825,87.1428155126957,124.706795097493,1.698781613660820
12289939,2021-04-22 12:15:10,0,0,0,0,0,0,0,0,0,0,0,0,0,0,0,0,0,0,0,0,0,0,0,0,0,0,0,0,0,0,0,0,0,0,0,0,0,0,0,58865.3082367601,58865.3082367601,58865.3082367601,0,0,0.0003872468930272,0,0,0,0,0,0,0,0,0,0,0,0,0,0,0,0,0,0,0,0,0,0,0,0,0,0,0,0,0,0,0,0,0,0,0,0,0,0,0,0,0,0,0,0,0,0,0,0,0,0,0,0,0,0,0,0,0,221433.499556874,221433.499556874,221433.499556874,0,0,0.0003876177939525,0,0,0,0,0,0,0,0,0,0,0,0,0,0,0,0,0,0,0,0,0,0,0,0,0,0,0,0,0,0,0,0,0,0,0,0,0,0,0,0,0,0,0,0,0,0,0,0,0,0,0,0,0,0,0,0,0,0,0,0,0,0,0,0,0,0,0,0,0,0,0,0,0,0,0,0,0,0,0,0,0,0,0,0,0,0,0,0,0,0.0,0,0,0,0,0,0,0,0,0,0,0,0,0,0,0,0,0,0,0,0,0,0,0,0,0,0,0,0,0,0,100000.000000624,100000.000000624,100000.000000624,0,0,0.0003872341166905,258.427412855665,0,258.427412855665,2.69761764748231,2.69761764748231,2.69761764748231,0,0,0.0003875639784738,0,0,0,0,0,0,0,0,0,256.787406800229,0.825,256.787406800229,0,0,0,0,0,1,0,0,0,0,0,0,0,0,0,0,0,0,0,0,0,0,0,0,0,0,0,0,0,0,0,0,0,0,0,0,0,0,0,0,0,0,0,0,0,0,0,0,0,0,0,211.8496106102,256.7874068002,0.825,64.4981811142781,147.351429495911,1.437716697658970
12336307,2021-04-29 15:58:24,0,0,0,0,0,0,0,0,0,0,0,0,0,0,0,0,0,0,0,0,0,0,0,0,0,0,0,0,0,0,0,0,0,0,0,0,0,0,0,58720.3239689229,58720.3239689229,58865.3082367601,0,0,0.0003595929480732,0,0,0,0,0,0,0,0,0,0,0,0,0,0,0,0,0,0,0,0,0,0,0,0,0,0,0,0,0,0,0,0,0,0,0,0,0,0,0,0,0,0,0,0,0,0,0,0,0,0,0,0,0,0,0,0,0,220893.022317198,220893.022317198,221433.499556874,0,0,0.0003591777062559,0,0,0,0,0,0,0,0,0,0,0,0,0,0,0,0,0,0,0,0,0,0,0,0,0,0,0,0,0,0,0,0,0,0,0,0,0,0,0,0,0,0,0,0,0,0,0,0,0,0,0,0,0,0,0,0,0,0,0,0,0,0,0,0,0,0,0,0,0,0,0,0,0,0,0,0,0,0,0,0,0,0,0,0,0,0,0,0,0,0.0,0,0,0,0,0,0,0,0,0,0,0,0,0,0,0,0,0,0,0,0,0,0,0,0,0,0,0,0,0,0,299635.861264,299635.861264,300168.89757431,0,0,0.0003594467513434,258.047052135982,0,258.427412855665,2.69287842996459,2.69287842996459,2.69761764748231,0,0,0.0003600717693037,0,0,0,0,0,0,0,0,0,299.322637262787,0.825,299.326649541337,0,0,0,0,0,1,0,0,0,0,0,0,0,0,0,0,0,0,0,0,0,0,0,0,0,0,0,0,0,0,0,0,0,0,0,0,0,0,0,0,0,0,0,0,0,0,0,0,0,0,0,246.9411757418,299.3226372628,0.825,38.7818057033492,208.15937003845,1.186308239192810
12382675,2021-05-06 19:36:14,0,0,0,0,0,0,0,0,0,0,0,0,0,0,0,0,0,0,0,0,0,0,0,0,0,0,0,0,0,0,0,0,0,0,0,0,0,0,0,58865.3082367601,58865.3082367601,58865.3082367601,0,0,0.0002891990609381,0,0,0,0,0,0,0,0,0,0,0,0,0,0,0,0,0,0,0,0,0,0,0,0,0,0,0,0,0,0,0,0,0,0,0,0,0,0,0,0,0,0,0,0,0,0,0,0,0,0,0,0,0,0,0,0,0,221433.499556874,221433.499556874,221433.499556874,0,0,0.0002879978683873,0,0,0,0,0,0,0,0,0,0,0,0,0,0,0,0,0,0,0,0,0,0,0,0,0,0,0,0,0,0,0,0,0,0,0,0,0,0,0,0,0,0,0,0,0,0,0,0,0,0,0,0,0,0,0,0,0,0,0,0,0,0,0,0,0,0,0,0,0,0,0,0,0,0,0,0,0,0,0,0,0,0,0,0,0,0,0,0,0,0.0,0,0,0,0,0,0,0,0,0,0,0,0,0,0,0,0,0,0,0,0,0,0,0,0,0,0,0,0,0,0,300168.89757431,300168.89757431,300168.89757431,0,0,0.0002885872304878,258.427412855665,0,258.427412855665,2.69761764748231,2.69761764748231,2.69761764748231,0,0,0.0002899843009606,0,0,0,0,0,0,0,0,0,299.326649541337,0.825,299.326649541337,0,0,0,0,0,1,0,0,0,0,0,0,0,0,0,0,0,0,0,0,0,0,0,0,0,0,0,0,0,0,0,0,0,0,0,0,0,0,0,0,0,0,0,0,0,0,0,0,0,0,0,246.9444858716,299.3266495413,0.825,79.5226250494666,167.421860822137,1.474983521619970
12429043,2021-05-13 23:24:42,0,0,0,0,0,0,0,0,0,0,0,0,0,0,0,0,0,0,0,0,0,0,0,0,0,0,0,0,0,0,0,0,0,0,0,0,0,0,0,58865.30823676,58865.30823676,58865.3082367601,0,0,0.0002745893420706,0,0,0,0,0,0,0,0,0,0,0,0,0,0,0,0,0,0,0,0,0,0,0,0,0,0,0,0,0,0,0,0,0,0,0,0,0,0,0,0,0,0,0,0,0,0,0,0,0,0,0,0,0,0,0,0,0,221433.499556874,221433.499556874,221433.499556874,0,0,0.0002739433571491,0,0,0,0,0,0,0,0,0,0,0,0,0,0,0,0,0,0,0,0,0,0,0,0,0,0,0,0,0,0,0,0,0,0,0,0,0,0,0,0,0,0,0,0,0,0,0,0,0,0,0,0,0,0,0,0,0,0,0,0,0,0,0,0,0,0,0,0,0,0,0,0,0,0,0,0,0,0,0,0,0,0,0,0,0,0,0,0,0,0.0,0,0,0,0,0,0,0,0,0,0,0,0,0,0,0,0,0,0,0,0,0,0,0,0,0,0,0,0,0,0,300168.89757431,300168.89757431,300168.89757431,0,0,0.0002745789317962,258.427412855665,0,258.427412855665,280002.721320358,280002.721320358,280002.721320358,0,0,0.0002749347988077,0,0,0,0,0,0,0,0,0,299.326649541337,0.825,299.326649541337,0,0,0,0,0,1,0,0,0,0,0,0,0,0,0,0,0,0,0,0,0,0,0,0,0,0,0,0,0,0,0,0,0,0,0,0,0,0,0,0,0,0,0,0,0,0,0,0,0,0,0,246.9444858716,299.3266495413,0.825,10.7179162519863,236.226569619617,1.045371341036040
12469819,2021-05-20 07:05:37,0,0,0,0,0,0,0,0,0,0,0,0,0,0,0,0,0,0,0,0,0,0,0,0,0,0,0,0,0,0,0,0,0,0,0,0,0,0,0,58865.3082367601,58865.3082367601,58865.3082367601,0,0,0.0003701317569815,0,0,0,0,0,0,0,0,0,0,0,0,0,0,0,0,0,0.0003718493297547,0,0,0,0,0,0,0,0,0,0,0,0,0,0,0,0,0,0,0,0,0,0,0,0,0,0,0,0,0,0,0,0,0,0,0,0,0,0,0,28686.106076269,28686.106076269,28686.106076269,0,0,0.000371311802675,0,0,0,0,0,0,0,0,0,0,0,0,0,0,0,0,0,0,0,0,0,0,0,0,0,0,0,0,0,0,0,0,0,0,0,0,0,0,0,0,0,0,0,0,0,0,0,0,0,0,0,0,0,0,0,0,0,0,0,0,0,0,0,0,0,0,0,0,0,0,0,0,0,0,0,0,0,0,0,0,0,0,0,0,0,0,0,0,0,0.0,0,0,0,0,0,0,0,0,0.0003813218582022,0,0,0,0,0,0,0,0,0.0003699051379307,0,0,0,0,0,0,0,0,0,0,0,0,29068.1568497026,29068.1568497026,29068.1568497026,0,0,0.0003699650274678,258.427412855665,0,258.427412855665,52836.3490258249,52836.3490258249,52836.3490258249,0,0,0.0003710179003171,0,0,0,0,0,0,0,0,0,83.8220033637226,0.825,83.8220033637226,0,0,0,0,0,1,0,0,0,0,0,0,0,0,0,0,0,0,0,0,0,0,0,0,0,0,0,0,0,0,0,0,0,0,0,0,0,0,0,0,0,0,0,0,0,0,0,0,0,0,0,69.1531527751,83.8220033637,0.825,6.35631032991428,62.7968424451568,1.101220221947710
12521779,2021-05-28 08:32:45,0,0,0,0,0,0,0,0,0,0,0,0,0,0,0,0,0,0,0,0,0,0,0,0,0,0,0,0,0,0,0,0,0,0,0,0,0,0,0,7557.03239833201,7557.03239833201,7576.74573358995,0,0,0.0003910462387799,0,0,0,0,0,0,0,0,0,0,0,0,0,0,0,0,0,0,0,0,0,0,0,0,0,0,0,0,0,0,0,0,0,0,0,0,0,0,0,0,0,0,0,0,0,0,0,0,0,0,0,0,0,0,0,0,0,7170.64078440833,7170.64078440833,7176.23673786194,0,0,0.000383950930593,0,0,0,0,0,0,0,0,0,0,0,0,0,0,0,0,0,0,0,0,0,0,0,0,0,0,0,0,0,0,0,0,0,0,0,0,0,0,0,0,0,0,0,0,0,0,0,0,0,0,0,0,0,0,0,0,0,0,0,0,0,0,0,0,0,0,0,0,0,0,0,0,0,0,0,0,0,0,0,0,0,0,0,0,0,0,0,0,0,0.0,0,0,0,0,0,0,0,0,0,0,0,0,0,0,0,0,0,0,0,0,0,0,0,0,0,0,0,0,0,0,17260.7006855746,17260.7006855746,17271.3035649663,0,0,0.0003907100774225,258.347681334807,0,258.427412855665,3544.41304063654,3544.41304063654,3546.24521157889,0,0,0.0003912656611759,0,0,0,0,0,0,0,0,0,20.0001254458756,0.825,20.0004570486257,0,0,0,0,0,1,0,0,0,0,0,0,0,0,0,0,0,0,0,0,0,0,0,0,0,0,0,0,0,0,0,0,0,0,0,0,0,0,0,0,0,0,0,0,0,0,0,0,0,0,0,16.5001034928,20.0001254459,0.825,2.66104338196752,13.8390601108799,1.192284978939830
12568147,2021-06-04 13:07:20,0,0,0,0,0,0,0,0,0,0,0,0,0,0,0,0,0,0,0,0,0,0,0,0,0,0,0,0,0,0,0,0,0,0,0,0,0,0,0,7576.74573358995,7576.74573358995,7576.74573358995,0,0,0.0003783235341997,0,0,0,0,0,0,0,0,0,0,0,0,0,0,0,0,0,0,0,0,0,0,0,0,0,0,0,0,0,0,0,0,0,0,0,0,0,0,0,0,0,0,0,0,0,0,0,0,0,0,0,0,0,0,0,0,0,7176.23673786194,7176.23673786194,7176.23673786194,0,0,0.0003756135973862,0,0,0,0,0,0,0,0,0,0,0,0,0,0,0,0,0,0,0,0,0,0,0,0,0,0,0,0,0,0,0,0,0,0,0,0,0,0,0,0,0,0,0,0,0,0,0,0,0,0,0,0,0,0,0,0,0,0,0,0,0,0,0,0,0,0,0,0,0,0,0,0,0,0,0,0,0,0,0,0,0,0,0,0,0,0,0,0,0,0.0,0,0,0,0,0,0,0,0,0,0,0,0,0,0,0,0,0,0,0,0,0,0,0,0,0,0,0,0,0,0,17271.3035649663,17271.3035649663,17271.3035649663,0,0,0.0003785537160358,258.427412855665,0,258.427412855665,3546.24521157889,3546.24521157889,3546.24521157889,0,0,0.0003786112614948,0,0,0,0,0,0,0,0,0,20.0004570486257,0.825,20.0004570486257,0,0,0,0,0,1,0,0,0,0,0,0,0,0,0,0,0,0,0,0,0,0,0,0,0,0,0,0,0,0,0,0,0,0,0,0,0,0,0,0,0,0,0,0,0,0,0,0,0,0,0,16.5003770651,20.0004570486,0.825,3.05765922622247,13.4427178388937,1.227458410037870
12614515,2021-06-11 17:10:52,0,0,0,0,0,0,0,0,0,0,0,0,0,0,0,0,0,0,0,0,0,0,0,0,0,0,0,0,0,0,0,0,0,0,0,0,0,0,0,7576.74573358995,7576.74573358995,7576.74573358995,0,0,0.0004186569784942,0,0,0,0,0,0,0,0,0,0,0,0,0,0,0,0,0,0,0,0,0,0,0,0,0,0,0,0,0,0,0,0,0,0,0,0,0,0,0,0,0,0,0,0,0,0,0,0,0,0,0,0,0,0,0,0,0,7176.23673786194,7176.23673786194,7176.23673786194,0,0,0.0004224004147295,0,0,0,0,0,0,0,0,0,0,0,0,0,0,0,0,0,0,0,0,0,0,0,0,0,0,0,0,0,0,0,0,0,0,0,0,0,0,0,0,0,0,0,0,0,0,0,0,0,0,0,0,0,0,0,0,0,0,0,0,0,0,0,0,0,0,0,0,0,0,0,0,0,0,0,0,0,0,0,0,0,0,0,0,0,0,0,0,0,0.0,0,0,0,0,0,0,0,0,0,0,0,0,0,0,0,0,0,0,0,0,0,0,0,0,0,0,0,0,0,0,24787.7524665835,24787.7524665835,24787.7524665835,0,0,0.0004186030469246,258.427412855665,0,258.427412855665,3546.24521157889,3546.24521157889,3546.24521157889,0,0,0.0004187598247433,0,0,0,0,0,0,0,0,0,23.000947925649,0.825,23.000947925649,0,0,0,0,0,1,0,0,0,0,0,0,0,0,0,0,0,0,0,0,0,0,0,0,0,0,0,0,0,0,0,0,0,0,0,0,0,0,0,0,0,0,0,0,0,0,0,0,0,0,0,18.9757820387,23.0009479256,0.825,0.911225456524718,18.0645565821357,1.050442724812070
12660113,2021-06-18 18:42:23,0,0,0,0,0,0,0,0,0,0,0,0,0,0,0,0,0,0,0,0,0,0,0,0,0,0,0,0,0,0,0,0,0,0,0,0,0,0,0,7576.74573358995,7576.74573358995,7576.74573358995,0,0,0.000462147440336,0,0,0,0,0,0,0,0,0,0,0,0,0,0,0,0,0,0.0004612449799196,0,0,0,0,0,0,0,0,0,0,0,0,0,0,0,0,0,0,0,0,0,0,0,0,0,0,0,0,0,0,0,0,0,0,0,0,0,0,0,7176.23673786194,7176.23673786194,7176.23673786194,0,0,0.0004557845173798,0,0,0,0,0,0,0,0,0,0,0,0,0,0,0,0,0,0,0,0,0,0,0,0,0,0,0,0,0,0,0,0,0,0,0,0,0,0,0,0,0,0,0,0,0,0,0,0,0,0,0,0,0,0,0,0,0,0,0,0,0,0,0,0,0,0,0,0,0,0,0,0,0,0,0,0,0,0,0,0,0,0,0,0,0,0,0,0,0,0.0,0,0,0,0,0,0,0,0,0.0004615228731016,0,0,0,0,0,0,0,0,0.000461843235009,0,0,0,0,0,0,0,0,0,0,0,0,6203.94225916805,6203.94225916805,6203.94225916805,0,0,0.0004621811383464,258.427412855665,0,258.427412855665,3546.24521157889,3546.24521157889,3546.24521157889,0,0,0.0004624077920878,0,0,0,0,0,0,0,0,0,14.2408853925396,0.825,14.2408853925396,0,0,0,0,0,1,0,0,0,0,0,0,0,0,0,0,0,0,0,0,0,0,0,0,0,0,0,0,0,0,0,0,0,0,0,0,0,0,0,0,0,0,0,0,0,0,0,0,0,0,0,11.7487304488,14.2408853925,0.825,0.469182689754483,11.2795477590907,1.041595877758160
12704295,2021-06-25 16:26:44,0,0,0,0,0,0,0,0,0,0,0,0,0,0,0,0,0,0,0,0,0,0,0,0,0,0,0,0,0,0,0,0,0,0,0,0,0,0,0,1909.26117702464,1909.26117702464,1909.26117702464,0,0,0.0005471271417072,0,0,0,0,0,0,0,0,0,0,0,0,0,0,0,0,0,0.0005465040000438,0,0,0,0,0,0,0,0,0,0,0,0,0,0,0,0,0,0,0,0,0,0,0,0,0,0,0,0,0,0,0,0,0,0,0,0,0,0,0,3602.80599901689,3602.80599901689,3602.80599901689,0,0,0.0005417674663103,0,0,0,0,0,0,0,0,0,0,0,0,0,0,0,0,0,0,0,0,0,0,0,0,0,0,0,0,0,0,0,0,0,0,0,0,0,0,0,0,0,0,0,0,0,0,0,0,0,0,0,0,0,0,0,0,0,0,0,0,0,0,0,0,0,0,0,0,0,0,0,0,0,0,0,0,0,0,0,0,0,0,0,0,0,0,0,0,0,0.0,0,0,0,0,0,0,0,0,0.0005497188196448,0,0,0,0,0,0,0,0,0.0005471912081172,0,0,0,0,0,0,0,0,0,0,0,0,3103.04508754818,3103.04508754818,3103.04508754818,0,0,0.0005471413786872,258.427412855665,0,258.427412855665,3546.24521157889,3546.24521157889,3546.24521157889,0,0,0.0005467525996177,0,0,0,0,0,0,0,0,0,8.32837827707504,0.825,8.32837827707504,0,0,0,0,0,1,0,0,0,0,0,0,0,0,0,0,0,0,0,0,0,0,0,0,0,0,0,0,0,0,0,0,0,0,0,0,0,0,0,0,0,0,0,0,0,0,0,0,0,0,0,6.8709120786,8.3283782771,0.825,0.237697234691732,6.63321484389518,1.035834394073710
12752743,2021-07-03 05:23:33,0,0,0,0,0,0,0,0,0,0,0,0,0,0,0,0,0,0,0,0,0,0,0,0,0,0,0,0,0,0,0,0,0,0,0,0,0,0,0,1909.26117702464,1909.26117702464,1909.26117702464,0,0,0.0004670528565296,0,0,0,0,0,0,0,0,0,0,0,0,0,0,0,0,0,0.0004687718135836,0,0,0,0,0,0,0,0,0,0,0,0,0,0,0,0,0,0,0,0,0,0,0,0,0,0,0,0,0,0,0,0,0,0,0,0,0,0,0,1802.37234334982,1802.37234334982,1802.37234334982,0,0,0.000465705313649,0,0,0,0,0,0,0,0,0,0,0,0,0,0,0,0,0,0,0,0,0,0,0,0,0,0,0,0,0,0,0,0,0,0,0,0,0,0,0,0,0,0,0,0,0,0,0,0,0,0,0,0,0,0,0,0,0,0,0,0,0,0,0,0,0,0,0,0,0,0,0,0,0,0,0,0,0,0,0,0,0,0,0,0,0,0,0,0,0,0.0,0,0,0,0,0,0,0,0,0.0004726539315776,0,0,0,0,0,0,0,0,0.0004673421489762,0,0,0,0,0,0,0,0,0,0,0,0,5405.21080515152,5405.21080515152,5405.21080515152,0,0,0.0004671275126448,5.49373364414742,0,5.49373364414742,3023.87650119978,3023.87650119978,3023.87650119978,0,0,0.0004668153567629,0,0,0,0,0,0,0,0,0,8.00044317661036,0.825,8.00044317661036,0,0,0,0,0,1,0,0,0,0,0,0,0,0,0,0,0,0,0,0,0,0,0,0,0,0,0,0,0,0,0,0,0,0,0,0,0,0,0,0,0,0,0,0,0,0,0,0,0,0,0,6.6003656207,8.0004431766,0.825,0.932750690195361,5.66761493050819,1.164575522796100
12799987,2021-07-10 13:43:55,0,0,0,0,0,0,0,0,0,0,0,0,0,0,0,0,0,0,0,0,0,0,0,0,0,0,0,0,0,0,0,0,0,0,0,0,0,0,0,1909.26117702464,1909.26117702464,1909.26117702464,0,0,0.0004764519520305,0,0,0,0,0,0,0,0,0,0,0,0,0,0,0,0,0,0,0,0,0,0,0,0,0,0,0,0,0,0,0,0,0,0,0,0,0,0,0,0,0,0,0,0,0,0,0,0,0,0,0,0,0,0,0,0,0,1802.37234334982,1802.37234334982,1802.37234334982,0,0,0.0004747532311849,0,0,0,0,0,0,0,0,0,0,0,0,0,0,0,0,0,0,0,0,0,0,0,0,0,0,0,0,0,0,0,0,0,0,0,0,0,0,0,0,0,0,0,0,0,0,0,0,0,0,0,0,0,0,0,0,0,0,0,0,0,0,0,0,0,0,0,0,0,0,0,0,0,0,0,0,0,0,0,0,0,0,0,0,0,0,0,0,0,0.0,0,0,0,0,0,0,0,0,0,0,0,0,0,0,0,0,0,0,0,0,0,0,0,0,0,0,0,0,0,0,7657.6945331561,7657.6945331561,7657.6945331561,0,0,0.0004762126754734,5.49373364414743,0,5.49373364414742,3023.87650119978,3023.87650119978,3023.87650119978,0,0,0.000476466698697,0,0,0,0,0,0,0,0,0,9.00057951884057,0.825,9.00057951884057,0,0,0,0,0,1,0,0,0,0,0,0,0,0,0,0,0,0,0,0,0,0,0,0,0,0,0,0,0,0,0,0,0,0,0,0,0,0,0,0,0,0,0,0,0,0,0,0,0,0,0,7.4254781030,9.0005795188,0.825,0.57265713912401,6.85282096391946,1.083565168583720
12846355,2021-07-17 20:19:44,0,0,0,0,0,0,0,0,0,0,0,0,0,0,0,0,0,0,0,0,0,0,0,0,0,0,0,0,0,0,0,0,0,0,0,0,0,0,0,1909.26117702464,1909.26117702464,1909.26117702464,0,0,0.0005253216478427,0,0,0,0,0,0,0,0,0,0,0,0,0,0,0,0,0,0,0,0,0,0,0,0,0,0,0,0,0,0,0,0,0,0,0,0,0,0,0,0,0,0,0,0,0,0,0,0,0,0,0,0,0,0,0,0,0,0.0154722842026311,0.0154722842026311,0.0154722842026311,0,0,0.0005184470800243,0,0,0,0,0,0,0,0,0,0,0,0,0,0,0,0,0,0,0,0,0,0,0,0,0,0,0,0,0,0,0,0,0,0,0,0,0,0,0,0,0,0,0,0,0,0,0,0,0,0,0,0,0,0,0,0,0,0,0,0,0,0,0,0,0,0,0,0,0,0,0,0,0,0,0,0,0,0,0,0,0,0,0,0,0,0,0,0,0,0.0,0,0,0,0,0,0,0,0,0,0,0,0,0,0,0,0,0,0,0,0,0,0,0,0,0,0,0,0,0,0,7657.6945331561,7657.6945331561,7657.6945331561,0,0,0.0005243818494227,5.49373364414743,0,5.49373364414742,3023.87650119978,3023.87650119978,3023.87650119978,0,0,0.0005252011608658,0,0,0,0,0,0,0,0,0,8.49723521394606,0.825,8.49723521394606,0,0,0,0,0,1,0,0,0,0,0,0,0,0,0,0,0,0,0,0,0,0,0,0,0,0,0,0,0,0,0,0,0,0,0,0,0,0,0,0,0,0,0,0,0,0,0,0,0,0,0,7.0102190515,8.4972352139,0.825,0.403535331912823,6.60668371959268,1.061079862309150
12892723,2021-07-25 02:13:33,0,0,0,0,0,0,0,0,0,0,0,0,0,0,0,0,0,0,0,0,0,0,0,0,0,0,0,0,0,0,0,0,0,0,0,0,0,0,0,1907.84952162327,1907.84952162327,1909.26117702464,0,0,0.0004663255147517,0,0,0,0,0,0,0,0,0,0,0,0,0,0,0,0,0,0,0,0,0,0,0,0,0,0,0,0,0,0,0,0,0,0,0,0,0,0,0,0,0,0,0,0,0,0,0,0,0,0,0,0,0,0,0,0,0,0.0154611524319468,0.0154611524319468,0.0154722842026311,0,0,0.000463058830097,0,0,0,0,0,0,0,0,0,0,0,0,0,0,0,0,0,0,0,0,0,0,0,0,0,0,0,0,0,0,0,0,0,0,0,0,0,0,0,0,0,0,0,0,0,0,0,0,0,0,0,0,0,0,0,0,0,0,0,0,0,0,0,0,0,0,0,0,0,0,0,0,0,0,0,0,0,0,0,0,0,0,0,0,0,0,0,0,0,0.0,0,0,0,0,0,0,0,0,0,0,0,0,0,0,0,0,0,0,0,0,0,0,0,0,0,0,0,0,0,0,3898.77846974715,3898.77846974715,3901.33932274711,0,0,0.000465771453028,5.49035411655763,0,5.49373364414742,3021.42626988941,3021.42626988941,3023.87650119978,0,0,0.0004662910894221,0,0,0,0,0,0,0,0,0,6.51676586873914,0.825,6.51681374000016,0,0,0,0,0,1,0,0,0,0,0,0,0,0,0,0,0,0,0,0,0,0,0,0,0,0,0,0,0,0,0,0,0,0,0,0,0,0,0,0,0,0,0,0,0,0,0,0,0,0,0,5.3763318417,6.5167658687,0.825,1.26184191216318,4.11448992954661,1.306682464599500
12939091,2021-08-01 10:24:02,0,0,0,0,0,0,0,0,0,0,0,0,0,0,0,0,0,0,0,0,0,0,0,0,0,0,0,0,0,0,0,0,0,0,0,0,0,0,0,1909.26117702464,1909.26117702464,1909.26117702464,0,0,0.0003847056788699,0,0,0,0,0,0,0,0,0,0,0,0,0,0,0,0,0,0,0,0,0,0,0,0,0,0,0,0,0,0,0,0,0,0,0,0,0,0,0,0,0,0,0,0,0,0,0,0,0,0,0,0,0,0,0,0,0,0.0154722842026311,0.0154722842026311,0.0154722842026311,0,0,0.0003857296050735,0,0,0,0,0,0,0,0,0,0,0,0,0,0,0,0,0,0,0,0,0,0,0,0,0,0,0,0,0,0,0,0,0,0,0,0,0,0,0,0,0,0,0,0,0,0,0,0,0,0,0,0,0,0,0,0,0,0,0,0,0,0,0,0,0,0,0,0,0,0,0,0,0,0,0,0,0,0,0,0,0,0,0,0,0,0,0,0,0,0.0,0,0,0,0,0,0,0,0,0,0,0,0,0,0,0,0,0,0,0,0,0,0,0,0,0,0,0,0,0,0,3901.33932274711,3901.33932274711,3901.33932274711,0,0,0.0003845073508215,5.49373364414742,0,5.49373364414742,3023.87650119978,3023.87650119978,3023.87650119978,0,0,0.0003849697319112,0,0,0,0,0,0,0,0,0,6.51681374000016,0.825,6.51681374000016,0,0,0,0,0,1,0,0,0,0,0,0,0,0,0,0,0,0,0,0,0,0,0,0,0,0,0,0,0,0,0,0,0,0,0,0,0,0,0,0,0,0,0,0,0,0,0,0,0,0,0,5.3763713355,6.5168137400,0.825,1.97766717649015,3.39870415900998,1.581888591640830
12985459,2021-08-08 16:06:09,0,0,0,0,0,0,0,0,0,0,0,0,0,0,0,0,0,0,0,0,0,0,0,0,0,0,0,0,0,0,0,0,0,0,0,0,0,0,0,1909.26117702464,1909.26117702464,1909.26117702464,0,0,0.000329205621331,0,0,0,0,0,0,0,0,0,0,0,0,0,0,0,0,0,0,0,0,0,0,0,0,0,0,0,0,0,0,0,0,0,0,0,0,0,0,0,0,0,0,0,0,0,0,0,0,0,0,0,0,0,0,0,0,0,0.0154722842026311,0.0154722842026311,0.0154722842026311,0,0,0.0003296981137047,0,0,0,0,0,0,0,0,0,0,0,0,0,0,0,0,0,0,0,0,0,0,0,0,0,0,0,0,0,0,0,0,0,0,0,0,0,0,0,0,0,0,0,0,0,0,0,0,0,0,0,0,0,0,0,0,0,0,0,0,0,0,0,0,0,0,0,0,0,0,0,0,0,0,0,0,0,0,0,0,0,0,0,0,0,0,0,0,0,0.0,0,0,0,0,0,0,0,0,0,0,0,0,0,0,0,0,0,0,0,0,0,0,0,0,0,0,0,0,0,0,11008.2233455465,11008.2233455465,11008.2233455465,0,0,0.0003293568280196,5.49373364414743,0,5.49373364414743,3023.87650119978,3023.87650119978,3023.87650119978,0,0,0.0003295080347083,0,0,0,0,0,0,0,0,0,8.99998852670317,0.825,8.99998852670317,0,0,0,0,0,1,0,0,0,0,0,0,0,0,0,0,0,0,0,0,0,0,0,0,0,0,0,0,0,0,0,0,0,0,0,0,0,0,0,0,0,0,0,0,0,0,0,0,0,0,0,7.4249905345,8.9999885267,0.825,2.17442079495021,5.25056973957991,1.414130447322500
13031827,2021-08-15 20:06:10,0,0,0,0,0,0,0,0,0,0,0,0,0,0,0,0,0,0,0,0,0,0,0,0,0,0,0,0,0,0,0,0,0,0,0,0,0,0,0,1909.26117702464,1909.26117702464,1909.26117702464,0,0,0.000311546659022,0,0,0,0,0,0,0,0,0,0,0,0,0,0,0,0,0,0,0,0,0,0,0,0,0,0,0,0,0,0,0,0,0,0,0,0,0,0,0,0,0,0,0,0,0,0,0,0,0,0,0,0,0,0,0,0,0,0.0154722842026311,0.0154722842026311,0.0154722842026311,0,0,0.0003104261445077,0,0,0,0,0,0,0,0,0,0,0,0,0,0,0,0,0,0,0,0,0,0,0,0,0,0,0,0,0,0,0,0,0,0,0,0,0,0,0,0,0,0,0,0,0,0,0,0,0,0,0,0,0,0,0,0,0,0,0,0,0,0,0,0,0,0,0,0,0,0,0,0,0,0,0,0,0,0,0,0,0,0,0,0,0,0,0,0,0,0.0,0,0,0,0,0,0,0,0,0,0,0,0,0,0,0,0,0,0,0,0,0,0,0,0,0,0,0,0,0,0,16314.8872129952,16314.8872129952,16314.8872129952,0,0,0.0003119617105607,5.49373364414743,0,5.49373364414743,3023.87650119978,3023.87650119978,3023.87650119978,0,0,0.0003118105844374,0,0,0,0,0,0,0,0,0,11.0000495072376,0.825,11.0000495072376,0,0,0,0,0,1,0,0,0,0,0,0,0,0,0,0,0,0,0,0,0,0,0,0,0,0,0,0,0,0,0,0,0,0,0,0,0,0,0,0,0,0,0,0,0,0,0,0,0,0,0,9.0750408435,11.0000495072,0.825,2.44771527789054,6.62732556558048,1.369336809195390
13078195,2021-08-22 23:44:25,0,0,0,0,0,0,0,0,0,0,0,0,0,0,0,0,0,0,0,0,0,0,0,0,0,0,0,0,0,0,0,0,0,0,0,0,0,0,0,1906.12010298641,1906.12010298641,1909.26117702464,0,0,0.0003076660338052,0,0,0,0,0,0,0,0,0,0,0,0,0,0,0,0,0,0,0,0,0,0,0,0,0,0,0,0,0,0,0,0,0,0,0,0,0,0,0,0,0,0,0,0,0,0,0,0,0,0,0,0,0,0,0,0,0,0.015451211781248,0.015451211781248,0.0154722842026311,0,0,0.0003084270060526,0,0,0,0,0,0,0,0,0,0,0,0,0,0,0,0,0,0,0,0,0,0,0,0,0,0,0,0,0,0,0,0,0,0,0,0,0,0,0,0,0,0,0,0,0,0,0,0,0,0,0,0,0,0,0,0,0,0,0,0,0,0,0,0,0,0,0,0,0,0,0,0,0,0,0,0,0,0,0,0,0,0,0,0,0,0,0,0,0,0.0,0,0,0,0,0,0,0,0,0,0,0,0,0,0,0,0,0,0,0,0,0,0,0,0,0,0,0,0,0,0,19797.3440170366,19797.3440170366,19820.6177557628,0,0,0.0003082602260453,5.48805024182856,0,5.49373364414743,3020.0162166975,3020.0162166975,3023.87650119978,0,0,0.0003079528215669,0,0,0,0,0,0,0,0,0,10.9999752576547,0.825,11.0000495072376,0,0,0,0,0,1,0,0,0,0,0,0,0,0,0,0,0,0,0,0,0,0,0,0,0,0,0,0,0,0,0,0,0,0,0,0,0,0,0,0,0,0,0,0,0,0,0,0,0,0,0,9.0749795876,10.9999752577,0.825,1.45577015305386,7.61920943451124,1.191065774679970
13124563,2021-08-30 03:57:27,0,0,0,0,0,0,0,0,0,0,0,0,0,0,0,0,0,0,0,0,0,0,0,0,0,0,0,0,0,0,0,0,0,0,0,0,0,0,0,1909.26117702464,1909.26117702464,1909.26117702464,0,0,0.0003159221940667,0,0,0,0,0,0,0,0,0,0,0,0,0,0,0,0,0,0,0,0,0,0,0,0,0,0,0,0,0,0,0,0,0,0,0,0,0,0,0,0,0,0,0,0,0,0,0,0,0,0,0,0,0,0,0,0,0,0.0154722842026311,0.0154722842026311,0.0154722842026311,0,0,0.0003115317254197,0,0,0,0,0,0,0,0,0,0,0,0,0,0,0,0,0,0,0,0,0,0,0,0,0,0,0,0,0,0,0,0,0,0,0,0,0,0,0,0,0,0,0,0,0,0,0,0,0,0,0,0,0,0,0,0,0,0,0,0,0,0,0,0,0,0,0,0,0,0,0,0,0,0,0,0,0,0,0,0,0,0,0,0,0,0,0,0,0,0.0,0,0,0,0,0,0,0,0,0,0,0,0,0,0,0,0,0,0,0,0,0,0,0,0,0,0,0,0,0,0,19820.6177557628,19820.6177557628,19820.6177557628,0,0,0.0003158862195518,5.49373364414743,0,5.49373364414743,3023.87650119978,3023.87650119978,3023.87650119978,0,0,0.0003160916529658,0,0,0,0,0,0,0,0,0,11.0000495072376,0.825,11.0000495072376,0,0,0,0,0,1,0,0,0,0,0,0,0,0,0,0,0,0,0,0,0,0,0,0,0,0,0,0,0,0,0,0,0,0,0,0,0,0,0,0,0,0,0,0,0,0,0,0,0,0,0,9.0750408435,11.0000495072,0.825,1.25497590959375,7.82006493387727,1.160481520320510
13170931,2021-09-06 07:48:43,0,0,0,0,0,0,0,0,0,0,0,0,0,0,0,0,0,0,0,0,0,0,0,0,0,0,0,0,0,0,0,0,0,0,0,0,0,0,0,1907.95405841885,1907.95405841885,1909.26117702464,0,0,0.0002537031631899,0,0,0,0,0,0,0,0,0,0,0,0,0,0,0,0,0,0,0,0,0,0,0,0,0,0,0,0,0,0,0,0,0,0,0,0,0,0,0,0,0,0,0,0,0,0,0,0,0,0,0,0,0,0,0,0,0,0.0154507359234914,0.0154507359234914,0.0154722842026311,0,0,0.000254445293286,0,0,0,0,0,0,0,0,0,0,0,0,0,0,0,0,0,0,0,0,0,0,0,0,0,0,0,0,0,0,0,0,0,0,0,0,0,0,0,0,0,0,0,0,0,0,0,0,0,0,0,0,0,0,0,0,0,0,0,0,0,0,0,0,0,0,0,0,0,0,0,0,0,0,0,0,0,0,0,0,0,0,0,0,0,0,0,0,0,0.0,0,0,0,0,0,0,0,0,0,0,0,0,0,0,0,0,0,0,0,0,0,0,0,0,0,0,0,0,0,0,23438.9813074755,23438.9813074755,23472.0464167927,0,0,0.0002538267669371,5.48865812249433,0,5.49373364414743,3020.28871987337,3020.28871987337,3023.87650119978,0,0,0.0002539681371367,0,0,0,0,0,0,0,0,0,10.9999599721756,0.825,11.0000495072376,0,0,0,0,0,1,0,0,0,0,0,0,0,0,0,0,0,0,0,0,0,0,0,0,0,0,0,0,0,0,0,0,0,0,0,0,0,0,0,0,0,0,0,0,0,0,0,0,0,0,0,9.0749669770,10.9999599722,0.825,1.87441112045914,7.20055585658577,1.260314780940800
13217299,2021-09-13 12:16:01,0,0,0,0,0,0,0,0,0,0,0,0,0,0,0,0,0,0,0,0,0,0,0,0,0,0,0,0,0,0,0,0,0,0,0,0,0,0,0,1909.26117702464,1909.26117702464,1909.26117702464,0,0,0.0003079190060447,0,0,0,0,0,0,0,0,0,0,0,0,0,0,0,0,0,0,0,0,0,0,0,0,0,0,0,0,0,0,0,0,0,0,0,0,0,0,0,0,0,0,0,0,0,0,0,0,0,0,0,0,0,0,0,0,0,0.0154722842026311,0.0154722842026311,0.0154722842026311,0,0,0.0003055791670123,0,0,0,0,0,0,0,0,0,0,0,0,0,0,0,0,0,0,0,0,0,0,0,0,0,0,0,0,0,0,0,0,0,0,0,0,0,0,0,0,0,0,0,0,0,0,0,0,0,0,0,0,0,0,0,0,0,0,0,0,0,0,0,0,0,0,0,0,0,0,0,0,0,0,0,0,0,0,0,0,0,0,0,0,0,0,0,0,0,0.0,0,0,0,0,0,0,0,0,0,0,0,0,0,0,0,0,0,0,0,0,0,0,0,0,0,0,0,0,0,0,23472.0464167927,23472.0464167927,23472.0464167927,0,0,0.000307860924934,5.49373364414743,0,5.49373364414743,3023.87650119978,3023.87650119978,3023.87650119978,0,0,0.0003079967548331,0,0,0,0,0,0,0,0,0,11.0000495072376,0.825,11.0000495072376,0,0,0,0,0,1,0,0,0,0,0,0,0,0,0,0,0,0,0,0,0,0,0,0,0,0,0,0,0,0,0,0,0,0,0,0,0,0,0,0,0,0,0,0,0,0,0,0,0,0,0,9.0750408435,11.0000495072,0.825,0.329668242200947,8.74537260127007,1.037696306061680
13262446,2021-09-20 11:52:18,0,0,0,0,0,0,0,0,0,0,0,0,0,0,0,0,0,0,0,0,0,0,0,0,0,0,0,0,0,0,0,0,0,0,0,0,0,0,0,1909.26117702464,1909.26117702464,1909.26117702464,0,0,0.0003305861390964,0,0,0,0,0,0,0,0,0,0,0,0,0,0,0,0,0,0.0003301826888558,0,0,0,0,0,0,0,0,0,0,0,0,0,0,0,0,0,0,0,0,0,0,0,0,0,0,0,0,0,0,0,0,0,0,0,0,0,0,0,0.0154722842026311,0.0154722842026311,0.0154722842026311,0,0,0.0003259499194746,0,0,0,0,0,0,0,0,0,0,0,0,0,0,0,0,0,0,0,0,0,0,0,0,0,0,0,0,0,0,0,0,0,0,0,0,0,0,0,0,0,0,0,0,0,0,0,0,0,0,0,0,0,0,0,0,0,0,0,0,0,0,0,0,0,0,0,0,0,0,0,0,0,0,0,0,0,0,0,0,0,0,0,0,0,0,0,0,0,0.0,0,0,0,0,0,0,0,0,0.0003273318600538,0,0,0,0,0,0,0,0,0.0003299847512276,0,0,0,0,0,0,0,0,0,0,0,0,11776.4888037449,11776.4888037449,11776.4888037449,0,0,0.0003298790307972,5.49373364414743,0,5.49373364414742,3023.87650119978,3023.87650119978,3023.87650119978,0,0,0.0003304092796848,0,0,0,0,0,0,0,0,0,6.95332339290289,0.85,6.95332339290289,0,0,0,0,0,1,0,0,0,0,0,0,0,0,0,0,0,0,0,0,0,0,0,0,0,0,0,0,0,0,0,0,0,0,0,0,0,0,0,0,0,0,0,0,0,0,0,0,0,0,0,5.9103248840,6.9533233929,0.85,0.395210990347785,5.51511389361967,1.071659624437670
13310035,2021-09-27 20:35:56,0,0,0,0,0,0,0,0,0,0,0,0,0,0,0,0,0,0,0,0,0,0,0,0,0,0,0,0,0,0,0,0,0,0,0,0,0,0,0,1882.46710478467,1882.46710478467,1909.26117702464,0,0,0.0003363718111752,0,0,0,0,0,0,0,0,0,0,0,0,0,0,0,0,0,0,0,0,0,0,0,0,0,0,0,0,0,0,0,0,0,0,0,0,0,0,0,0,0,0,0,0,0,0,0,0,0,0,0,0,0,0,0,0,0,0.0152578363525358,0.0152578363525358,0.0154722842026311,0,0,0.0003335123962782,0,0,0,0,0,0,0,0,0,0,0,0,0,0,0,0,0,0,0,0,0,0,0,0,0,0,0,0,0,0,0,0,0,0,0,0,0,0,0,0,0,0,0,0,0,0,0,0,0,0,0,0,0,0,0,0,0,0,0,0,0,0,0,0,0,0,0,0,0,0,0,0,0,0,0,0,0,0,0,0,0,0,0,0,0,0,0,0,0,0.0,0,0,0,0,0,0,0,0,0,0,0,0,0,0,0,0,0,0,0,0,0,0,0,0,0,0,0,0,0,0,5831.50836918004,5831.50836918004,5889.98987749421,0,0,0.0003360198367294,5.44425694528737,0,5.49373364414743,2990.89193908514,2990.89193908514,3023.87650119978,0,0,0.000336365100509,0,0,0,0,0,0,0,0,0,4.75098322955892,0.85,4.75209335269414,0,0,0,0,0,1,0,0,0,0,0,0,0,0,0,0,0,0,0,0,0,0,0,0,0,0,0,0,0,0,0,0,0,0,0,0,0,0,0,0,0,0,0,0,0,0,0,0,0,0,0,4.0383357451,4.7509832296,0.85,0.439587629133424,3.59874811599165,1.122150151932010
13356403,2021-10-05 02:37:28,0,0,0,0,0,0,0,0,0,0,0,0,0,0,0,0,0,0,0,0,0,0,0,0,0,0,0,0,0,0,0,0,0,0,0,0,0,0,0,1886.90295177182,1886.90295177182,1909.26117702464,0,0,0.0003013776904963,0,0,0,0,0,0,0,0,0,0,0,0,0,0,0,0,0,0,0,0,0,0,0,0,0,0,0,0,0,0,0,0,0,0,0,0,0,0,0,0,0,0,0,0,0,0,0,0,0,0,0,0,0,0,0,0,0,0.0152765332815755,0.0152765332815755,0.0154722842026311,0,0,0.000301322655054,0,0,0,0,0,0,0,0,0,0,0,0,0,0,0,0,0,0,0,0,0,0,0,0,0,0,0,0,0,0,0,0,0,0,0,0,0,0,0,0,0,0,0,0,0,0,0,0,0,0,0,0,0,0,0,0,0,0,0,0,0,0,0,0,0,0,0,0,0,0,0,0,0,0,0,0,0,0,0,0,0,0,0,0,0,0,0,0,0,0.0,0,0,0,0,0,0,0,0,0,0,0,0,0,0,0,0,0,0,0,0,0,0,0,0,0,0,0,0,0,0,5838.53082965163,5838.53082965163,5889.98987749421,0,0,0.0003009737965132,5.44965717190305,0,5.49373364414743,2994.55761726159,2994.55761726159,3023.87650119978,0,0,0.0003013731793944,0,0,0,0,0,0,0,0,0,4.75099643408219,0.85,4.75209335269414,0,0,0,0,0,1,0,0,0,0,0,0,0,0,0,0,0,0,0,0,0,0,0,0,0,0,0,0,0,0,0,0,0,0,0,0,0,0,0,0,0,0,0,0,0,0,0,0,0,0,0,4.0383469690,4.7509964341,0.85,0.809947772155189,3.22839919681467,1.250882162575910
13402771,2021-10-12 09:15:23,0,0,0,0,0,0,0,0,0,0,0,0,0,0,0,0,0,0,0,0,0,0,0,0,0,0,0,0,0,0,0,0,0,0,0,0,0,0,0,1889.69675715496,1889.69675715496,1909.26117702464,0,0,0.0002870811848286,0,0,0,0,0,0,0,0,0,0,0,0,0,0,0,0,0,0,0,0,0,0,0,0,0,0,0,0,0,0,0,0,0,0,0,0,0,0,0,0,0,0,0,0,0,0,0,0,0,0,0,0,0,0,0,0,0,0.0152933736865787,0.0152933736865787,0.0154722842026311,0,0,0.0002864185859974,0,0,0,0,0,0,0,0,0,0,0,0,0,0,0,0,0,0,0,0,0,0,0,0,0,0,0,0,0,0,0,0,0,0,0,0,0,0,0,0,0,0,0,0,0,0,0,0,0,0,0,0,0,0,0,0,0,0,0,0,0,0,0,0,0,0,0,0,0,0,0,0,0,0,0,0,0,0,0,0,0,0,0,0,0,0,0,0,0,0.0,0,0,0,0,0,0,0,0,0,0,0,0,0,0,0,0,0,0,0,0,0,0,0,0,0,0,0,0,0,0,5847.08820088803,5847.08820088803,5889.98987749421,0,0,0.0002868202131316,5.45401457492277,0,5.49373364414743,2997.49146809744,2997.49146809744,3023.87650119978,0,0,0.0002872438982468,0,0,0,0,0,0,0,0,0,4.75100539429441,0.85,4.75209335269414,0,0,0,0,0,1,0,0,0,0,0,0,0,0,0,0,0,0,0,0,0,0,0,0,0,0,0,0,0,0,0,0,0,0,0,0,0,0,0,0,0,0,0,0,0,0,0,0,0,0,0,4.0383545852,4.7510053943,0.85,0.957779602597171,3.08057498255308,1.310909362057920
13449139,2021-10-19 15:59:22,0,0,0,0,0,0,0,0,0,0,0,0,0,0,0,0,0,0,0,0,0,0,0,0,0,0,0,0,0,0,0,0,0,0,0,0,0,0,0,1892.10249077829,1892.10249077829,1909.26117702464,0,0,0.0002638347834098,0,0,0,0,0,0,0,0,0,0,0,0,0,0,0,0,0,0,0,0,0,0,0,0,0,0,0,0,0,0,0,0,0,0,0,0,0,0,0,0,0,0,0,0,0,0,0,0,0,0,0,0,0,0,0,0,0,0.0153209452871884,0.0153209452871884,0.0154722842026311,0,0,0.000262375317547,0,0,0,0,0,0,0,0,0,0,0,0,0,0,0,0,0,0,0,0,0,0,0,0,0,0,0,0,0,0,0,0,0,0,0,0,0,0,0,0,0,0,0,0,0,0,0,0,0,0,0,0,0,0,0,0,0,0,0,0,0,0,0,0,0,0,0,0,0,0,0,0,0,0,0,0,0,0,0,0,0,0,0,0,0,0,0,0,0,0.0,0,0,0,0,0,0,0,0,0,0,0,0,0,0,0,0,0,0,0,0,0,0,0,0,0,0,0,0,0,0,5857.77841566424,5857.77841566424,5889.98987749421,0,0,0.0002635241467363,5.46292933238915,0,5.49373364414743,3003.42731011743,3003.42731011743,3023.87650119978,0,0,0.0002637231648085,0,0,0,0,0,0,0,0,0,4.75101246814617,0.85,4.75209335269414,0,0,0,0,0,1,0,0,0,0,0,0,0,0,0,0,0,0,0,0,0,0,0,0,0,0,0,0,0,0,0,0,0,0,0,0,0,0,0,0,0,0,0,0,0,0,0,0,0,0,0,4.0383605979,4.7510124681,0.85,1.20341471298804,2.8349458849362,1.424493010389550
13495507,2021-10-26 21:53:11,0,0,0,0,0,0,0,0,0,0,0,0,0,0,0,0,0,0,0,0,0,0,0,0,0,0,0,0,0,0,0,0,0,0,0,0,0,0,0,1897.41184510004,1897.41184510004,1909.26117702464,0,0,0.000240484192299,0,0,0,0,0,0,0,0,0,0,0,0,0,0,0,0,0,0,0,0,0,0,0,0,0,0,0,0,0,0,0,0,0,0,0,0,0,0,0,0,0,0,0,0,0,0,0,0,0,0,0,0,0,0,0,0,0,0.0153529069874279,0.0153529069874279,0.0154722842026311,0,0,0.0002394443099724,0,0,0,0,0,0,0,0,0,0,0,0,0,0,0,0,0,0,0,0,0,0,0,0,0,0,0,0,0,0,0,0,0,0,0,0,0,0,0,0,0,0,0,0,0,0,0,0,0,0,0,0,0,0,0,0,0,0,0,0,0,0,0,0,0,0,0,0,0,0,0,0,0,0,0,0,0,0,0,0,0,0,0,0,0,0,0,0,0,0.0,0,0,0,0,0,0,0,0,0,0,0,0,0,0,0,0,0,0,0,0,0,0,0,0,0,0,0,0,0,0,5865.83696798236,5865.83696798236,5889.98987749421,0,0,0.000239850441275,5.4692052437157,0,5.49373364414743,3007.61984946684,3007.61984946684,3023.87650119978,0,0,0.0002406713152602,0,0,0,0,0,0,0,0,0,4.75101765563745,0.85,4.75209335269414,0,0,0,0,0,1,0,0,0,0,0,0,0,0,0,0,0,0,0,0,0,0,0,0,0,0,0,0,0,0,0,0,0,0,0,0,0,0,0,0,0,0,0,0,0,0,0,0,0,0,0,4.0383650073,4.7510176556,0.85,1.45129236590653,2.5870726413853,1.560978591281230
13541875,2021-11-03 04:47:55,0,0,0,0,0,0,0,0,0,0,0,0,0,0,0,0,0,0,0,0,0,0,0,0,0,0,0,0,0,0,0,0,0,0,0,0,0,0,0,1903.90201670164,1903.90201670164,1909.26117702464,0,0,0.0002190827990269,0,0,0,0,0,0,0,0,0,0,0,0,0,0,0,0,0,0,0,0,0,0,0,0,0,0,0,0,0,0,0,0,0,0,0,0,0,0,0,0,0,0,0,0,0,0,0,0,0,0,0,0,0,0,0,0,0,0.0154048481498888,0.0154048481498888,0.0154722842026311,0,0,0.0002181327829045,0,0,0,0,0,0,0,0,0,0,0,0,0,0,0,0,0,0,0,0,0,0,0,0,0,0,0,0,0,0,0,0,0,0,0,0,0,0,0,0,0,0,0,0,0,0,0,0,0,0,0,0,0,0,0,0,0,0,0,0,0,0,0,0,0,0,0,0,0,0,0,0,0,0,0,0,0,0,0,0,0,0,0,0,0,0,0,0,0,0.0,0,0,0,0,0,0,0,0,0,0,0,0,0,0,0,0,0,0,0,0,0,0,0,0,0,0,0,0,0,0,5879.69828456801,5879.69828456801,5889.98987749421,0,0,0.0002190931085992,5.48175757906476,0,5.49373364414743,3015.85556452221,3015.85556452221,3023.87650119978,0,0,0.0002192931581729,0,0,0,0,0,0,0,0,0,4.75206411410689,0.85,4.75209335269414,0,0,0,0,0,1,0,0,0,0,0,0,0,0,0,0,0,0,0,0,0,0,0,0,0,0,0,0,0,0,0,0,0,0,0,0,0,0,0,0,0,0,0,0,0,0,0,0,0,0,0,4.0392544970,4.7520641141,0.85,1.67258108766773,2.36667340932313,1.706722389780890
13588243,2021-11-10 11:29:27,0,0,0,0,0,0,0,0,0,0,0,0,0,0,0,0,0,0,0,0,0,0,0,0,0,0,0,0,0,0,0,0,0,0,0,0,0,0,0,1906.57857045681,1906.57857045681,1909.26117702464,0,0,0.0002114628673332,0,0,0,0,0,0,0,0,0,0,0,0,0,0,0,0,0,0,0,0,0,0,0,0,0,0,0,0,0,0,0,0,0,0,0,0,0,0,0,0,0,0,0,0,0,0,0,0,0,0,0,0,0,0,0,0,0,0.0154403740327427,0.0154403740327427,0.0154722842026311,0,0,0.0002099282448296,0,0,0,0,0,0,0,0,0,0,0,0,0,0,0,0,0,0,0,0,0,0,0,0,0,0,0,0,0,0,0,0,0,0,0,0,0,0,0,0,0,0,0,0,0,0,0,0,0,0,0,0,0,0,0,0,0,0,0,0,0,0,0,0,0,0,0,0,0,0,0,0,0,0,0,0,0,0,0,0,0,0,0,0,0,0,0,0,0,0.0,0,0,0,0,0,0,0,0,0,0,0,0,0,0,0,0,0,0,0,0,0,0,0,0,0,0,0,0,0,0,5885.30498754517,5885.30498754517,5889.98987749421,0,0,0.0002114313846465,5.48965924930125,0,5.49373364414743,3021.14107505814,3021.14107505814,3023.87650119978,0,0,0.0002115459055603,0,0,0,0,0,0,0,0,0,4.75207401749934,0.85,4.75209335269414,0,0,0,0,0,1,0,0,0,0,0,0,0,0,0,0,0,0,0,0,0,0,0,0,0,0,0,0,0,0,0,0,0,0,0,0,0,0,0,0,0,0,0,0,0,0,0,0,0,0,0,4.0392629149,4.7520740175,0.85,1.75264089506677,2.28662201980767,1.766475998168770
13634611,2021-11-17 18:35:08,0,0,0,0,0,0,0,0,0,0,0,0,0,0,0,0,0,0,0,0,0,0,0,0,0,0,0,0,0,0,0,0,0,0,0,0,0,0,0,1909.26117702464,1909.26117702464,1909.26117702464,0,0,0.0002357767715377,0,0,0,0,0,0,0,0,0,0,0,0,0,0,0,0,0,0,0,0,0,0,0,0,0,0,0,0,0,0,0,0,0,0,0,0,0,0,0,0,0,0,0,0,0,0,0,0,0,0,0,0,0,0,0,0,0,0.0154722842026311,0.0154722842026311,0.0154722842026311,0,0,0.0002347326080564,0,0,0,0,0,0,0,0,0,0,0,0,0,0,0,0,0,0,0,0,0,0,0,0,0,0,0,0,0,0,0,0,0,0,0,0,0,0,0,0,0,0,0,0,0,0,0,0,0,0,0,0,0,0,0,0,0,0,0,0,0,0,0,0,0,0,0,0,0,0,0,0,0,0,0,0,0,0,0,0,0,0,0,0,0,0,0,0,0,0.0,0,0,0,0,0,0,0,0,0,0,0,0,0,0,0,0,0,0,0,0,0,0,0,0,0,0,0,0,0,0,5889.98987749422,5889.98987749422,5889.98987749421,0,0,0.0002356137606586,5.49373364414743,0,5.49373364414743,3023.87650119978,3023.87650119978,3023.87650119978,0,0,0.0002357254925022,0,0,0,0,0,0,0,0,0,4.75209335269414,0.85,4.75209335269414,0,0,0,0,0,1,0,0,0,0,0,0,0,0,0,0,0,0,0,0,0,0,0,0,0,0,0,0,0,0,0,0,0,0,0,0,0,0,0,0,0,0,0,0,0,0,0,0,0,0,0,4.0392793498,4.7520933527,0.85,1.48854883881061,2.55073051097941,1.583577462379220
13680979,2021-11-25 02:50:21,0,0,0,0,0,0,0,0,0,0,0,0,0,0,0,0,0,0,0,0,0,0,0,0,0,0,0,0,0,0,0,0,0,0,0,0,0,0,0,1890.54807341546,1890.54807341546,1909.26117702464,0,0,0.0002361519902928,0,0,0,0,0,0,0,0,0,0,0,0,0,0,0,0,0,0,0,0,0,0,0,0,0,0,0,0,0,0,0,0,0,0,0,0,0,0,0,0,0,0,0,0,0,0,0,0,0,0,0,0,0,0,0,0,0,0.0152895409499137,0.0152895409499137,0.0154722842026311,0,0,0.0002354935954637,0,0,0,0,0,0,0,0,0,0,0,0,0,0,0,0,0,0,0,0,0,0,0,0,0,0,0,0,0,0,0,0,0,0,0,0,0,0,0,0,0,0,0,0,0,0,0,0,0,0,0,0,0,0,0,0,0,0,0,0,0,0,0,0,0,0,0,0,0,0,0,0,0,0,0,0,0,0,0,0,0,0,0,0,0,0,0,0,0,0.0,0,0,0,0,0,0,0,0,0,0,0,0,0,0,0,0,0,0,0,0,0,0,0,0,0,0,0,0,0,0,0,0.000000203024480,0.000000204755648,0,0,0.0002360976945557,5.45345564347138,0,5.49373364414743,0,0.0000002027160784,0.0000002047042061,0,0,0.0002362823000618,0,0,0,0,0,0,0,0,0,0.578595166555356,0.85,0.578618708192723,0,0,0,0,0,1,0,0,0,0,0,0,0,0,0,0,0,0,0,0,0,0,0,0,0,0,0,0,0,0,0,0,0,0,0,0,0,0,0,0,0,0,0,0,0,0,0,0,0,0,0,0.4918058916,0.5785951666,0.85,0.0453456007018022,0.446460290870251,1.101566929084360
13727347,2021-12-02 12:27:42,0,0,0,0,0,0,0,0,0,0,0,0,0,0,0,0,0,0,0,0,0,0,0,0,0,0,0,0,0,0,0,0,0,0,0,0,0,0,0,1891.92684002375,1891.92684002375,1909.26117702464,0,0,0.000220896511651,0,0,0,0,0,0,0,0,0,0,0,0,0,0,0,0,0,0,0,0,0,0,0,0,0,0,0,0,0,0,0,0,0,0,0,0,0,0,0,0,0,0,0,0,0,0,0,0,0,0,0,0,0,0,0,0,0,0.015312597770837,0.015312597770837,0.0154722842026311,0,0,0.0002200319914453,0,0,0,0,0,0,0,0,0,0,0,0,0,0,0,0,0,0,0,0,0,0,0,0,0,0,0,0,0,0,0,0,0,0,0,0,0,0,0,0,0,0,0,0,0,0,0,0,0,0,0,0,0,0,0,0,0,0,0,0,0,0,0,0,0,0,0,0,0,0,0,0,0,0,0,0,0,0,0,0,0,0,0,0,0,0,0,0,0,0.0,0,0,0,0,0,0,0,0,0,0,0,0,0,0,0,0,0,0,0,0,0,0,0,0,0,0,0,0,0,0,0,0.000000203181963,0.000000204755648,0,0,0.0002211165633057,5.45689140423116,0,5.49373364414743,0,0.0000002028747598,0.0000002047042061,0,0,0.0002210677365831,0,0,0,0,0,0,0,0,0,0.578599645208319,0.85,0.578618708192723,0,0,0,0,0,1,0,0,0,0,0,0,0,0,0,0,0,0,0,0,0,0,0,0,0,0,0,0,0,0,0,0,0,0,0,0,0,0,0,0,0,0,0,0,0,0,0,0,0,0,0,0.4918096984,0.5785996452,0.85,0.0738862899055424,0.417923408521528,1.176793853608070
13773715,2021-12-09 22:40:07,0,0,0,0,0,0,0,0,0,0,0,0,0,0,0,0,0,0,0,0,0,0,0,0,0,0,0,0,0,0,0,0,0,0,0,0,0,0,0,1893.25239287985,1893.25239287985,1909.26117702464,0,0,0.0002413398308783,0,0,0,0,0,0,0,0,0,0,0,0,0,0,0,0,0,0,0,0,0,0,0,0,0,0,0,0,0,0,0,0,0,0,0,0,0,0,0,0,0,0,0,0,0,0,0,0,0,0,0,0,0,0,0,0,0,0.0153371906768512,0.0153371906768512,0.0154722842026311,0,0,0.0002402675920552,0,0,0,0,0,0,0,0,0,0,0,0,0,0,0,0,0,0,0,0,0,0,0,0,0,0,0,0,0,0,0,0,0,0,0,0,0,0,0,0,0,0,0,0,0,0,0,0,0,0,0,0,0,0,0,0,0,0,0,0,0,0,0,0,0,0,0,0,0,0,0,0,0,0,0,0,0,0,0,0,0,0,0,0,0,0,0,0,0,0.0,0,0,0,0,0,0,0,0,0,0,0,0,0,0,0,0,0,0,0,0,0,0,0,0,0,0,0,0,0,0,0,0.000000203342952,0.000000204755648,0,0,0.000241187065025,5.46319987805847,0,5.49373364414743,0,0.0000002031586189,0.0000002047042061,0,0,0.0002415065063384,0,0,0,0,0,0,0,0,0,0.578602056790683,0.85,0.578618708192723,0,0,0,0,0,1,0,0,0,0,0,0,0,0,0,0,0,0,0,0,0,0,0,0,0,0,0,0,0,0,0,0,0,0,0,0,0,0,0,0,0,0,0,0,0,0,0,0,0,0,0,0.4918117483,0.5786020568,0.85,0.0348908509346468,0.456920897337434,1.076360812425000
13820083,2021-12-17 03:02:47,0,0,0,0,0,0,0,0,0,0,0,0,0,0,0,0,0,0,0,0,0,0,0,0,0,0,0,0,0,0,0,0,0,0,0,0,0,0,0,1895.66583331296,1895.66583331296,1909.26117702464,0,0,0.0002519247463068,0,0,0,0,0,0,0,0,0,0,0,0,0,0,0,0,0,0,0,0,0,0,0,0,0,0,0,0,0,0,0,0,0,0,0,0,0,0,0,0,0,0,0,0,0,0,0,0,0,0,0,0,0,0,0,0,0,0.0153483516704558,0.0153483516704558,0.0154722842026311,0,0,0.0002509341291148,0,0,0,0,0,0,0,0,0,0,0,0,0,0,0,0,0,0,0,0,0,0,0,0,0,0,0,0,0,0,0,0,0,0,0,0,0,0,0,0,0,0,0,0,0,0,0,0,0,0,0,0,0,0,0,0,0,0,0,0,0,0,0,0,0,0,0,0,0,0,0,0,0,0,0,0,0,0,0,0,0,0,0,0,0,0,0,0,0,0.0,0,0,0,0,0,0,0,0,0,0,0,0,0,0,0,0,0,0,0,0,0,0,0,0,0,0,0,0,0,0,0,0.000000203491536,0.000000204755648,0,0,0.0002516691031605,5.46612396223434,0,5.49373364414743,0,0.0000002033019635,0.0000002047042061,0,0,0.0002518819713709,0,0,0,0,0,0,0,0,0,0.578603721930887,0.85,0.578618708192723,0,0,0,0,0,1,0,0,0,0,0,0,0,0,0,0,0,0,0,0,0,0,0,0,0,0,0,0,0,0,0,0,0,0,0,0,0,0,0,0,0,0,0,0,0,0,0,0,0,0,0,0.4918131636,0.5786037219,0.85,0.0142441780761568,0.477568985565097,1.029826430330900
13866451,2021-12-24 07:05:41,0,0,0,0,0,0,0,0,0,0,0,0,0,0,0,0,0,0,0,0,0,0,0,0,0,0,0,0,0,0,0,0,0,0,0,0,0,0,0,1900.08633906195,1900.08633906195,1909.26117702464,0,0,0.000244302567458,0,0,0,0,0,0,0,0,0,0,0,0,0,0,0,0,0,0,0,0,0,0,0,0,0,0,0,0,0,0,0,0,0,0,0,0,0,0,0,0,0,0,0,0,0,0,0,0,0,0,0,0,0,0,0,0,0,0.0153612649598402,0.0153612649598402,0.0154722842026311,0,0,0.0002432231901325,0,0,0,0,0,0,0,0,0,0,0,0,0,0,0,0,0,0,0,0,0,0,0,0,0,0,0,0,0,0,0,0,0,0,0,0,0,0,0,0,0,0,0,0,0,0,0,0,0,0,0,0,0,0,0,0,0,0,0,0,0,0,0,0,0,0,0,0,0,0,0,0,0,0,0,0,0,0,0,0,0,0,0,0,0,0,0,0,0,0.0,0,0,0,0,0,0,0,0,0,0,0,0,0,0,0,0,0,0,0,0,0,0,0,0,0,0,0,0,0,0,0,0.000000203638889,0.000000204755648,0,0,0.0002445577018857,5.46899514942737,0,5.49373364414743,0,0.0000002034438292,0.0000002047042061,0,0,0.0002445071632957,0,0,0,0,0,0,0,0,0,0.578604985140697,0.85,0.578618708192723,0,0,0,0,0,1,0,0,0,0,0,0,0,0,0,0,0,0,0,0,0,0,0,0,0,0,0,0,0,0,0,0,0,0,0,0,0,0,0,0,0,0,0,0,0,0,0,0,0,0,0,0.4918142374,0.5786049851,0.85,0.0276145301290188,0.464199707240573,1.059488469506310
13912819,2021-12-31 11:16:51,0,0,0,0,0,0,0,0,0,0,0,0,0,0,0,0,0,0,0,0,0,0,0,0,0,0,0,0,0,0,0,0,0,0,0,0,0,0,0,1901.27261219366,1901.27261219366,1909.26117702464,0,0,0.0002644943719378,0,0,0,0,0,0,0,0,0,0,0,0,0,0,0,0,0,0,0,0,0,0,0,0,0,0,0,0,0,0,0,0,0,0,0,0,0,0,0,0,0,0,0,0,0,0,0,0,0,0,0,0,0,0,0,0,0,0.0153938619007717,0.0153938619007717,0.0154722842026311,0,0,0.0002636237645717,0,0,0,0,0,0,0,0,0,0,0,0,0,0,0,0,0,0,0,0,0,0,0,0,0,0,0,0,0,0,0,0,0,0,0,0,0,0,0,0,0,0,0,0,0,0,0,0,0,0,0,0,0,0,0,0,0,0,0,0,0,0,0,0,0,0,0,0,0,0,0,0,0,0,0,0,0,0,0,0,0,0,0,0,0,0,0,0,0,0.0,0,0,0,0,0,0,0,0,0,0,0,0,0,0,0,0,0,0,0,0,0,0,0,0,0,0,0,0,0,0,0,0.000000203791391,0.000000204755648,0,0,0.0002643871958945,5.47453051350563,0,5.49373364414743,0,0.0000002037028572,0.0000002047042061,0,0,0.0002644191375232,0,0,0,0,0,0,0,0,0,0.57860590383874,0.85,0.578618708192723,0,0,0,0,0,1,0,0,0,0,0,0,0,0,0,0,0,0,0,0,0,0,0,0,0,0,0,0,0,0,0,0,0,0,0,0,0,0,0,0,0,0,0,0,0,0,0,0,0,0,0,0.4918150183,0.5786059038,0.85,0,0.502879963632527,0.977996845828435
13959187,2022-01-07 15:44:08,0,0,0,0,0,0,0,0,0,0,0,0,0,0,0,0,0,0,0,0,0,0,0,0,0,0,0,0,0,0,0,0,0,0,0,0,0,0,0,1903.20524669858,1903.20524669858,1909.26117702464,0,0,0.0003170006856261,0,0,0,0,0,0,0,0,0,0,0,0,0,0,0,0,0,0,0,0,0,0,0,0,0,0,0,0,0,0,0,0,0,0,0,0,0,0,0,0,0,0,0,0,0,0,0,0,0,0,0,0,0,0,0,0,0,0.0154169286136873,0.0154169286136873,0.0154722842026311,0,0,0.0003165896258755,0,0,0,0,0,0,0,0,0,0,0,0,0,0,0,0,0,0,0,0,0,0,0,0,0,0,0,0,0,0,0,0,0,0,0,0,0,0,0,0,0,0,0,0,0,0,0,0,0,0,0,0,0,0,0,0,0,0,0,0,0,0,0,0,0,0,0,0,0,0,0,0,0,0,0,0,0,0,0,0,0,0,0,0,0,0,0,0,0,0.0,0,0,0,0,0,0,0,0,0,0,0,0,0,0,0,0,0,0,0,0,0,0,0,0,0,0,0,0,0,0,0,0.000000203947922,0.000000204755648,0,0,0.0003162957860846,5.47747036505137,0,5.49373364414743,0,0.0000002038474616,0.0000002047042061,0,0,0.0003170708280278,0,0,0,0,0,0,0,0,0,0.578607626397572,0.85,0.578618708192723,0,0,0,0,0,1,0,0,0,0,0,0,0,0,0,0,0,0,0,0,0,0,0,0,0,0,0,0,0,0,0,0,0,0,0,0,0,0,0,0,0,0,0,0,0,0,0,0,0,0,0,0.4918164824,0.5786076264,0.85,0,0.603322248930303,0.815180416949536
14005555,2022-01-14 19:44:32,0,0,0,0,0,0,0,0,0,0,0,0,0,0,0,0,0,0,0,0,0,0,0,0,0,0,0,0,0,0,0,0,0,0,0,0,0,0,0,1904.43463836905,1904.43463836905,1909.26117702464,0,0,0.0003016510571104,0,0,0,0,0,0,0,0,0,0,0,0,0,0,0,0,0,0,0,0,0,0,0,0,0,0,0,0,0,0,0,0,0,0,0,0,0,0,0,0,0,0,0,0,0,0,0,0,0,0,0,0,0,0,0,0,0,0.0154268177797097,0.0154268177797097,0.0154722842026311,0,0,0.0003000786504664,0,0,0,0,0,0,0,0,0,0,0,0,0,0,0,0,0,0,0,0,0,0,0,0,0,0,0,0,0,0,0,0,0,0,0,0,0,0,0,0,0,0,0,0,0,0,0,0,0,0,0,0,0,0,0,0,0,0,0,0,0,0,0,0,0,0,0,0,0,0,0,0,0,0,0,0,0,0,0,0,0,0,0,0,0,0,0,0,0,0.0,0,0,0,0,0,0,0,0,0,0,0,0,0,0,0,0,0,0,0,0,0,0,0,0,0,0,0,0,0,0,0,0.000000204100293,0.000000204755648,0,0,0.000301572406644,5.48129064618634,0,5.49373364414743,0,0.0000002040251315,0.0000002047042061,0,0,0.0003017107229816,0,0,0,0,0,0,0,0,0,0.578609119281893,0.85,0.578618708192723,0,0,0,0,0,1,0,0,0,0,0,0,0,0,0,0,0,0,0,0,0,0,0,0,0,0,0,0,0,0,0,0,0,0,0,0,0,0,0,0,0,0,0,0,0,0,0,0,0,0,0,0.4918177514,0.5786091193,0.85,0,0.574479351120345,0.856110407502845
14051923,2022-01-21 23:44:20,0,0,0,0,0,0,0,0,0,0,0,0,0,0,0,0,0,0,0,0,0,0,0,0,0,0,0,0,0,0,0,0,0,0,0,0,0,0,0,1905.57710854075,1905.57710854075,1909.26117702464,0,0,0.0003920399664989,0,0,0,0,0,0,0,0,0,0,0,0,0,0,0,0,0,0,0,0,0,0,0,0,0,0,0,0,0,0,0,0,0,0,0,0,0,0,0,0,0,0,0,0,0,0,0,0,0,0,0,0,0,0,0,0,0,0.0154414536888971,0.0154414536888971,0.0154722842026311,0,0,0.0003916685582786,0,0,0,0,0,0,0,0,0,0,0,0,0,0,0,0,0,0,0,0,0,0,0,0,0,0,0,0,0,0,0,0,0,0,0,0,0,0,0,0,0,0,0,0,0,0,0,0,0,0,0,0,0,0,0,0,0,0,0,0,0,0,0,0,0,0,0,0,0,0,0,0,0,0,0,0,0,0,0,0,0,0,0,0,0,0,0,0,0,0.0,0,0,0,0,0,0,0,0,0,0,0,0,0,0,0,0,0,0,0,0,0,0,0,0,0,0,0,0,0,0,0,0.000000204249754,0.000000204755648,0,0,0.0003924129401911,5.4854242402196,0,5.49373364414743,0,0.0000002042193432,0.0000002047042061,0,0,0.0003923385802734,0,0,0,0,0,0,0,0,0,0.578611817957396,0.85,0.578618708192723,0,0,0,0,0,1,0,0,0,0,0,0,0,0,0,0,0,0,0,0,0,0,0,0,0,0,0,0,0,0,0,0,0,0,0,0,0,0,0,0,0,0,0,0,0,0,0,0,0,0,0,0.4918200453,0.5786118180,0.85,0,0.74706843372529,0.658333324045434
14098291,2022-01-29 03:37:13,0,0,0,0,0,0,0,0,0,0,0,0,0,0,0,0,0,0,0,0,0,0,0,0,0,0,0,0,0,0,0,0,0,0,0,0,0,0,0,1906.16776407957,1906.16776407957,1909.26117702464,0,0,0.0003943915077252,0,0,0,0,0,0,0,0,0,0,0,0,0,0,0,0,0,0,0,0,0,0,0,0,0,0,0,0,0,0,0,0,0,0,0,0,0,0,0,0,0,0,0,0,0,0,0,0,0,0,0,0,0,0,0,0,0,0.0154495085969176,0.0154495085969176,0.0154722842026311,0,0,0.0003935055832926,0,0,0,0,0,0,0,0,0,0,0,0,0,0,0,0,0,0,0,0,0,0,0,0,0,0,0,0,0,0,0,0,0,0,0,0,0,0,0,0,0,0,0,0,0,0,0,0,0,0,0,0,0,0,0,0,0,0,0,0,0,0,0,0,0,0,0,0,0,0,0,0,0,0,0,0,0,0,0,0,0,0,0,0,0,0,0,0,0,0.0,0,0,0,0,0,0,0,0,0,0,0,0,0,0,0,0,0,0,0,0,0,0,0,0,0,0,0,0,0,0,0,0.000000204381381,0.000000204755648,0,0,0.0003942706282582,5.48736159221575,0,5.49373364414743,0,0.0000002043351545,0.0000002047042061,0,0,0.0003944950624478,0,0,0,0,0,0,0,0,0,0.578614516632899,0.85,0.578618708192723,0,0,0,0,0,1,0,0,0,0,0,0,0,0,0,0,0,0,0,0,0,0,0,0,0,0,0,0,0,0,0,0,0,0,0,0,0,0,0,0,0,0,0,0,0,0,0,0,0,0,0,0.4918223391,0.5786145166,0.85,0,0.751782457920407,0.654208320447448
14144659,2022-02-05 07:35:16,0,0,0,0,0,0,0,0,0,0,0,0,0,0,0,0,0,0,0,0,0,0,0,0,0,0,0,0,0,0,0,0,0,0,0,0,0,0,0,1906.7134189212,1906.7134189212,1909.26117702464,0,0,0.000332485973356,0,0,0,0,0,0,0,0,0,0,0,0,0,0,0,0,0,0,0,0,0,0,0,0,0,0,0,0,0,0,0,0,0,0,0,0,0,0,0,0,0,0,0,0,0,0,0,0,0,0,0,0,0,0,0,0,0,0.0154573147919888,0.0154573147919888,0.0154722842026311,0,0,0.000331224240168,0,0,0,0,0,0,0,0,0,0,0,0,0,0,0,0,0,0,0,0,0,0,0,0,0,0,0,0,0,0,0,0,0,0,0,0,0,0,0,0,0,0,0,0,0,0,0,0,0,0,0,0,0,0,0,0,0,0,0,0,0,0,0,0,0,0,0,0,0,0,0,0,0,0,0,0,0,0,0,0,0,0,0,0,0,0,0,0,0,0.0,0,0,0,0,0,0,0,0,0,0,0,0,0,0,0,0,0,0,0,0,0,0,0,0,0,0,0,0,0,0,0,0.000000204512467,0.000000204755648,0,0,0.0003326405323477,5.48943169529381,0,5.49373364414743,0,0.0000002044569545,0.0000002047042061,0,0,0.000332787114101,0,0,0,0,0,0,0,0,0,0.578615665005453,0.85,0.578618708192723,0,0,0,0,0,1,0,0,0,0,0,0,0,0,0,0,0,0,0,0,0,0,0,0,0,0,0,0,0,0,0,0,0,0,0,0,0,0,0,0,0,0,0,0,0,0,0,0,0,0,0,0.4918233153,0.5786156650,0.85,0,0.633960586838309,0.775794781987092
14191027,2022-02-12 11:42:57,0,0,0,0,0,0,0,0,0,0,0,0,0,0,0,0,0,0,0,0,0,0,0,0,0,0,0,0,0,0,0,0,0,0,0,0,0,0,0,1907.29791466877,1907.29791466877,1909.26117702464,0,0,0.0003421320370015,0,0,0,0,0,0,0,0,0,0,0,0,0,0,0,0,0,0,0,0,0,0,0,0,0,0,0,0,0,0,0,0,0,0,0,0,0,0,0,0,0,0,0,0,0,0,0,0,0,0,0,0,0,0,0,0,0,0.0154649019500874,0.0154649019500874,0.0154722842026311,0,0,0.0003436499356851,0,0,0,0,0,0,0,0,0,0,0,0,0,0,0,0,0,0,0,0,0,0,0,0,0,0,0,0,0,0,0,0,0,0,0,0,0,0,0,0,0,0,0,0,0,0,0,0,0,0,0,0,0,0,0,0,0,0,0,0,0,0,0,0,0,0,0,0,0,0,0,0,0,0,0,0,0,0,0,0,0,0,0,0,0,0,0,0,0,0.0,0,0,0,0,0,0,0,0,0,0,0,0,0,0,0,0,0,0,0,0,0,0,0,0,0,0,0,0,0,0,0,0.000000204636576,0.000000204755648,0,0,0.0003424334272968,5.49165184269816,0,5.49373364414743,0,0.0000002045826799,0.0000002047042061,0,0,0.0003423954541722,0,0,0,0,0,0,0,0,0,0.578616985633891,0.85,0.578618708192723,0,0,0,0,0,1,0,0,0,0,0,0,0,0,0,0,0,0,0,0,0,0,0,0,0,0,0,0,0,0,0,0,0,0,0,0,0,0,0,0,0,0,0,0,0,0,0,0,0,0,0,0.4918244378,0.5786169856,0.85,0,0.652553035226901,0.753692667474596
14237395,2022-02-19 15:57:05,0,0,0,0,0,0,0,0,0,0,0,0,0,0,0,0,0,0,0,0,0,0,0,0,0,0,0,0,0,0,0,0,0,0,0,0,0,0,0,1909.26117702464,1909.26117702464,1909.26117702464,0,0,0.0003639331204399,0,0,0,0,0,0,0,0,0,0,0,0,0,0,0,0,0,0,0,0,0,0,0,0,0,0,0,0,0,0,0,0,0,0,0,0,0,0,0,0,0,0,0,0,0,0,0,0,0,0,0,0,0,0,0,0,0,0.0154722842026311,0.0154722842026311,0.0154722842026311,0,0,0.0003638498301459,0,0,0,0,0,0,0,0,0,0,0,0,0,0,0,0,0,0,0,0,0,0,0,0,0,0,0,0,0,0,0,0,0,0,0,0,0,0,0,0,0,0,0,0,0,0,0,0,0,0,0,0,0,0,0,0,0,0,0,0,0,0,0,0,0,0,0,0,0,0,0,0,0,0,0,0,0,0,0,0,0,0,0,0,0,0,0,0,0,0.0,0,0,0,0,0,0,0,0,0,0,0,0,0,0,0,0,0,0,0,0,0,0,0,0,0,0,0,0,0,0,0,0.000000204755648,0.000000204755648,0,0,0.0003640975187494,5.49373364414743,0,5.49373364414743,0,0.0000002047042061,0.0000002047042061,0,0,0.0003641971761316,0,0,0,0,0,0,0,0,0,0.578618708192723,0.85,0.578618708192723,0,0,0,0,0,1,0,0,0,0,0,0,0,0,0,0,0,0,0,0,0,0,0,0,0,0,0,0,0,0,0,0,0,0,0,0,0,0,0,0,0,0,0,0,0,0,0,0,0,0,0,0.4918259020,0.5786187082,0.85,0,0.694849007477313,0.707816945366901
14283763,2022-02-26 19:56:40,0,0,0,0,0,0,0,0,0,0,0,0,0,0,0,0,0,0,0,0,0,0,0,0,0,0,0,0,0,0,0,0,0,0,0,0,0,0,0,993.964331981517,993.964331981517,995.326536652252,0,0,0.0003556697631541,0,0,0,0,0,0,0,0,0,0,0,0,0,0,0,0,0,0,0,0,0,0,0,0,0,0,0,0,0,0,0,0,0,0,0,0,0,0,0,0,0,0,0,0,0,0,0,0,0,0,0,0,0,0,0,0,0,0.01545867113394,0.01545867113394,0.0154722842026311,0,0,0.0003548985959438,0,0,0,0,0,0,0,0,0,0,0,0,0,0,0,0,0,0,0,0,0,0,0,0,0,0,0,0,0,0,0,0,0,0,0,0,0,0,0,0,0,0,0,0,0,0,0,0,0,0,0,0,0,0,0,0,0,0,0,0,0,0,0,0,0,0,0,0,0,0,0,0,0,0,0,0,0,0,0,0,0,0,0,0,0,0,0,0,0,0.0,0,0,0,0,0,0,0,0,0,0,0,0,0,0,0,0,0,0,0,0,0,0,0,0,0,0,0,0,0,0,0,0.000000204533608,0.000000204755648,0,0,0.0003550602751382,5.48801716117976,0,5.49373364414742,0,0.0000002044168672,0.0000002047042061,0,0,0.0003551733796624,0,0,0,0,0,0,0,0,0,0.179564295642194,0.85,0.179566968455935,0,0,0,0,0,1,0,0,0,0,0,0,0,0,0,0,0,0,0,0,0,0,0,0,0,0,0,0,0,0,0,0,0,0,0,0,0,0,0,0,0,0,0,0,0,0,0,0,0,0,0,0.1526296513,0.1795642956,0.85,0,0.35352854480017,0.431732185535790
14330131,2022-03-06 00:36:17,0,0,0,0,0,0,0,0,0,0,0,0,0,0,0,0,0,0,0,0,0,0,0,0,0,0,0,0,0,0,0,0,0,0,0,0,0,0,0,994.656961828148,994.656961828148,995.326536652252,0,0,0.0003743020932534,0,0,0,0,0,0,0,0,0,0,0,0,0,0,0,0,0,0,0,0,0,0,0,0,0,0,0,0,0,0,0,0,0,0,0,0,0,0,0,0,0,0,0,0,0,0,0,0,0,0,0,0,0,0,0,0,0,0.0154652716234972,0.0154652716234972,0.0154722842026311,0,0,0.0003753694470897,0,0,0,0,0,0,0,0,0,0,0,0,0,0,0,0,0,0,0,0,0,0,0,0,0,0,0,0,0,0,0,0,0,0,0,0,0,0,0,0,0,0,0,0,0,0,0,0,0,0,0,0,0,0,0,0,0,0,0,0,0,0,0,0,0,0,0,0,0,0,0,0,0,0,0,0,0,0,0,0,0,0,0,0,0,0,0,0,0,0.0,0,0,0,0,0,0,0,0,0,0,0,0,0,0,0,0,0,0,0,0,0,0,0,0,0,0,0,0,0,0,0,0.000000204641071,0.000000204755648,0,0,0.0003746292457938,5.49066436768597,0,5.49373364414742,0,0.0000002045544415,0.0000002047042061,0,0,0.0003744537187459,0,0,0,0,0,0,0,0,0,0.179565703324098,0.85,0.179566968455935,0,0,0,0,0,1,0,0,0,0,0,0,0,0,0,0,0,0,0,0,0,0,0,0,0,0,0,0,0,0,0,0,0,0,0,0,0,0,0,0,0,0,0,0,0,0,0,0,0,0,0,0.1526308478,0.1795657033,0.85,0,0.372307988071801,0.409958563113202
14376499,2022-03-13 05:33:59,0,0,0,0,0,0,0,0,0,0,0,0,0,0,0,0,0,0,0,0,0,0,0,0,0,0,0,0,0,0,0,0,0,0,0,0,0,0,0,995.326536652252,995.326536652252,995.326536652252,0,0,0.0003860658266113,0,0,0,0,0,0,0,0,0,0,0,0,0,0,0,0,0,0,0,0,0,0,0,0,0,0,0,0,0,0,0,0,0,0,0,0,0,0,0,0,0,0,0,0,0,0,0,0,0,0,0,0,0,0,0,0,0,0.0154722842026311,0.0154722842026311,0.0154722842026311,0,0,0.0003843681077162,0,0,0,0,0,0,0,0,0,0,0,0,0,0,0,0,0,0,0,0,0,0,0,0,0,0,0,0,0,0,0,0,0,0,0,0,0,0,0,0,0,0,0,0,0,0,0,0,0,0,0,0,0,0,0,0,0,0,0,0,0,0,0,0,0,0,0,0,0,0,0,0,0,0,0,0,0,0,0,0,0,0,0,0,0,0,0,0,0,0.0,0,0,0,0,0,0,0,0,0,0,0,0,0,0,0,0,0,0,0,0,0,0,0,0,0,0,0,0,0,0,0,0.000000204755648,0.000000204755648,0,0,0.0003860345944445,5.49373364414743,0,5.49373364414742,0,0.0000002047042061,0.0000002047042061,0,0,0.0003861167234757,0,0,0,0,0,0,0,0,0,0.179566968455935,0.85,0.179566968455935,0,0,0,0,0,1,0,0,0,0,0,0,0,0,0,0,0,0,0,0,0,0,0,0,0,0,0,0,0,0,0,0,0,0,0,0,0,0,0,0,0,0,0,0,0,0,0,0,0,0,0,0.1526319232,0.1795669685,0.85,0,0.384267509173415,0.397202260258397
14420962,2022-03-20 03:54:40,0,0,0,0,0,0,0,0,0,0,0,0,0,0,0,0,0,0,0,0,0,0,0,0,0,0,0,0,0,0,0,0,0,0,0,0,0,0,0,499.786989780859,499.786989780859,499.786989780859,0,0,0.0003419796949107,0,0,0,0,0,0,0,0,0,0,0,0,0,0,0,0,0,0.0003421270760739,0,0,0,0,0,0,0,0,0,0,0,0,0,0,0,0,0,0,0,0,0,0,0,0,0,0,0,0,0,0,0,0,0,0,0,0,0,0,0,0.0154722842026311,0.0154722842026311,0.0154722842026311,0,0,0.0003419048074983,0,0,0,0,0,0,0,0,0,0,0,0,0,0,0,0,0,0,0,0,0,0,0,0,0,0,0,0,0,0,0,0,0,0,0,0,0,0,0,0,0,0,0,0,0,0,0,0,0,0,0,0,0,0,0,0,0,0,0,0,0,0,0,0,0,0,0,0,0,0,0,0,0,0,0,0,0,0,0,0,0,0,0,0,0,0,0,0,0,0.0,0,0,0,0,0,0,0,0,0.0003420829643105,0,0,0,0,0,0,0,0,0.0003419848241855,0,0,0,0,0,0,0,0,0,0,0,0,0,0.000000204755648,0.000000204755648,0,0,0.0003421127141044,5.49373364414743,0,5.49373364414742,0,0.0000002047042061,0.0000002047042061,0,0,0.0003423466090364,0,0,0,0,0,0,0,0,0,0.0000179579106713,0.85,0.0000179579106713,0,0,0,0,0,1,0,0,0,0,0,0,0,0,0,0,0,0,0,0,0,0,0,0,0,0,0,0,0,0,0,0,0,0,0,0,0,0,0,0,0,0,0,0,0,0,0,0,0,0,0,0.0000152642,0.0000179579,0.85,0,0.170922292333947,0.000089305051215
14469235,2022-03-27 16:02:55,0,0,0,0,0,0,0,0,0,0,0,0,0,0,0,0,0,0,0,0,0,0,0,0,0,0,0,0,0,0,0,0,0,0,0,0,0,0,0,495.281117765169,495.281117765169,499.786989780859,0,0,0.000315119930071,0,0,0,0,0,0,0,0,0,0,0,0,0,0,0,0,0,0,0,0,0,0,0,0,0,0,0,0,0,0,0,0,0,0,0,0,0,0,0,0,0,0,0,0,0,0,0,0,0,0,0,0,0,0,0,0,0,0.0153684397792822,0.0153684397792822,0.0154722842026311,0,0,0.0003155781288952,0,0,0,0,0,0,0,0,0,0,0,0,0,0,0,0,0,0,0,0,0,0,0,0,0,0,0,0,0,0,0,0,0,0,0,0,0,0,0,0,0,0,0,0,0,0,0,0,0,0,0,0,0,0,0,0,0,0,0,0,0,0,0,0,0,0,0,0,0,0,0,0,0,0,0,0,0,0,0,0,0,0,0,0,0,0,0,0,0,0.0,0,0,0,0,0,0,0,0,0,0,0,0,0,0,0,0,0,0,0,0,0,0,0,0,0,0,0,0,0,0,0,0.000000203333578,0.000000204755648,0,0,0.0003151410728542,5.46277977834863,0,5.49373364414743,0,0.0000002030617324,0.0000002047042061,0,0,0.0003152196482724,0,0,0,0,0,0,0,0,0,0.0000179340560782,0.85,0.0000179579106713,0,0,0,0,0,1,0,0,0,0,0,0,0,0,0,0,0,0,0,0,0,0,0,0,0,0,0,0,0,0,0,0,0,0,0,0,0,0,0,0,0,0,0,0,0,0,0,0,0,0,0,0.0000152439,0.0000179341,0.85,0,0.156077801139116,0.000097668903298
14515603,2022-04-03 21:40:26,0,0,0,0,0,0,0,0,0,0,0,0,0,0,0,0,0,0,0,0,0,0,0,0,0,0,0,0,0,0,0,0,0,0,0,0,0,0,0,496.069142007329,496.069142007329,499.786989780859,0,0,0.0002845065649907,0,0,0,0,0,0,0,0,0,0,0,0,0,0,0,0,0,0,0,0,0,0,0,0,0,0,0,0,0,0,0,0,0,0,0,0,0,0,0,0,0,0,0,0,0,0,0,0,0,0,0,0,0,0,0,0,0,0.0153773044446754,0.0153773044446754,0.0154722842026311,0,0,0.000284157742019,0,0,0,0,0,0,0,0,0,0,0,0,0,0,0,0,0,0,0,0,0,0,0,0,0,0,0,0,0,0,0,0,0,0,0,0,0,0,0,0,0,0,0,0,0,0,0,0,0,0,0,0,0,0,0,0,0,0,0,0,0,0,0,0,0,0,0,0,0,0,0,0,0,0,0,0,0,0,0,0,0,0,0,0,0,0,0,0,0,0.0,0,0,0,0,0,0,0,0,0,0,0,0,0,0,0,0,0,0,0,0,0,0,0,0,0,0,0,0,0,0,0,0.000000203476021,0.000000204755648,0,0,0.0002846304327398,5.46677258896106,0,5.49373364414743,0,0.0000002032430244,0.0000002047042061,0,0,0.0002846705829757,0,0,0,0,0,0,0,0,0,0.0000179349884821,0.85,0.0000179579106713,0,0,0,0,0,1,0,0,0,0,0,0,0,0,0,0,0,0,0,0,0,0,0,0,0,0,0,0,0,0,0,0,0,0,0,0,0,0,0,0,0,0,0,0,0,0,0,0,0,0,0,0.0000152447,0.0000179350,0.85,0,0.141139297170498,0.000108012017315
14561971,2022-04-11 03:30:16,0,0,0,0,0,0,0,0,0,0,0,0,0,0,0,0,0,0,0,0,0,0,0,0,0,0,0,0,0,0,0,0,0,0,0,0,0,0,0,496.632420163728,496.632420163728,499.786989780859,0,0,0.0003156531474706,0,0,0,0,0,0,0,0,0,0,0,0,0,0,0,0,0,0,0,0,0,0,0,0,0,0,0,0,0,0,0,0,0,0,0,0,0,0,0,0,0,0,0,0,0,0,0,0,0,0,0,0,0,0,0,0,0,0.015388966709414,0.015388966709414,0.0154722842026311,0,0,0.0003149205247886,0,0,0,0,0,0,0,0,0,0,0,0,0,0,0,0,0,0,0,0,0,0,0,0,0,0,0,0,0,0,0,0,0,0,0,0,0,0,0,0,0,0,0,0,0,0,0,0,0,0,0,0,0,0,0,0,0,0,0,0,0,0,0,0,0,0,0,0,0,0,0,0,0,0,0,0,0,0,0,0,0,0,0,0,0,0,0,0,0,0.0,0,0,0,0,0,0,0,0,0,0,0,0,0,0,0,0,0,0,0,0,0,0,0,0,0,0,0,0,0,0,0,0.000000203616950,0.000000204755648,0,0,0.0003154850510912,5.47005520789305,0,5.49373364414743,0,0.0000002033984923,0.0000002047042061,0,0,0.0003158307051848,0,0,0,0,0,0,0,0,0,0.0000179357447257,0.85,0.0000179579106713,0,0,0,0,0,1,0,0,0,0,0,0,0,0,0,0,0,0,0,0,0,0,0,0,0,0,0,0,0,0,0,0,0,0,0,0,0,0,0,0,0,0,0,0,0,0,0,0,0,0,0,0.0000152454,0.0000179357,0.85,0,0.156768432862094,0.000097247786040
14608339,2022-04-18 09:15:59,0,0,0,0,0,0,0,0,0,0,0,0,0,0,0,0,0,0,0,0,0,0,0,0,0,0,0,0,0,0,0,0,0,0,0,0,0,0,0,497.034755396236,497.034755396236,499.786989780859,0,0,0.00034457,0,0,0,0,0,0,0,0,0,0,0,0,0,0,0,0,0,0,0,0,0,0,0,0,0,0,0,0,0,0,0,0,0,0,0,0,0,0,0,0,0,0,0,0,0,0,0,0,0,0,0,0,0,0,0,0,0,0.0153992693800764,0.0153992693800764,0.0154722842026311,0,0,0.00034567,0,0,0,0,0,0,0,0,0,0,0,0,0,0,0,0,0,0,0,0,0,0,0,0,0,0,0,0,0,0,0,0,0,0,0,0,0,0,0,0,0,0,0,0,0,0,0,0,0,0,0,0,0,0,0,0,0,0,0,0,0,0,0,0,0,0,0,0,0,0,0,0,0,0,0,0,0,0,0,0,0,0,0,0,0,0,0,0,0,0.0,0,0,0,0,0,0,0,0,0,0,0,0,0,0,0,0,0,0,0,0,0,0,0,0,0,0,0,0,0,0,0,0.000000203756992,0.000000204755648,0,0,0.00034471,5.47364096972273,0,5.49373364414743,0,0.0000002035448469,0.0000002047042061,0,0,0.00034506,0,0,0,0,0,0,0,0,0,0.0000179368016874,0.85,0.0000179579106713,0,0,0,0,0,1.001563,0,0,0,0,0,0,0,0,0,0,0,0,0,0,0,0,0,0,0,0,0,0,0,0,0,0,0,0,0,0,0,0,0,0,0,0,0,0,0,0,0,0,0,0,0,0.0000152701,0.0000179648,0.85,0,0.171268588732328,0.000089158855603
14654707,2022-04-25 15:56:30,0,0,0,0,0,0,0,0,0,0,0,0,0,0,0,0,0,0,0,0,0,0,0,0,0,0,0,0,0,0,0,0,0,0,0,0,0,0,0,497.474312819372,497.474312819372,499.786989780859,0,0,0.00034691,0,0,0,0,0,0,0,0,0,0,0,0,0,0,0,0,0,0,0,0,0,0,0,0,0,0,0,0,0,0,0,0,0,0,0,0,0,0,0,0,0,0,0,0,0,0,0,0,0,0,0,0,0,0,0,0,0,0.0154079352170877,0.0154079352170877,0.0154722842026311,0,0,0.00034826,0,0,0,0,0,0,0,0,0,0,0,0,0,0,0,0,0,0,0,0,0,0,0,0,0,0,0,0,0,0,0,0,0,0,0,0,0,0,0,0,0,0,0,0,0,0,0,0,0,0,0,0,0,0,0,0,0,0,0,0,0,0,0,0,0,0,0,0,0,0,0,0,0,0,0,0,0,0,0,0,0,0,0,0,0,0,0,0,0,0.0,0,0,0,0,0,0,0,0,0,0,0,0,0,0,0,0,0,0,0,0,0,0,0,0,0,0,0,0,0,0,0,0.000000203897644,0.000000204755648,0,0,0.00034763,5.4763909448944,0,5.49373364414743,0,0.0000002036858598,0.0000002047042061,0,0,0.00034744,0,0,0,0,0,0,0,0,0,0.0000179381842787,0.85,0.0000179579106713,0,0,0,0,0,1.003288,0,0,0,0,0,0,0,0,0,0,0,0,0,0,0,0,0,0,0,0,0,0,0,0,0,0,0,0,0,0,0,0,0,0,0,0,0,0,0,0,0,0,0,0,0,0.0000152976,0.0000179972,0.85,0,0.172584179827687,0.000088638427286
14701075,2022-05-02 23:01:53,0,0,0,0,0,0,0,0,0,0,0,0,0,0,0,0,0,0,0,0,0,0,0,0,0,0,0,0,0,0,0,0,0,0,0,0,0,0,0,497.87616235307,497.87616235307,499.786989780859,0,0,0.00034868,0,0,0,0,0,0,0,0,0,0,0,0,0,0,0,0,0,0,0,0,0,0,0,0,0,0,0,0,0,0,0,0,0,0,0,0,0,0,0,0,0,0,0,0,0,0,0,0,0,0,0,0,0,0,0,0,0,0.0154171443316495,0.0154171443316495,0.0154722842026311,0,0,0.00034877,0,0,0,0,0,0,0,0,0,0,0,0,0,0,0,0,0,0,0,0,0,0,0,0,0,0,0,0,0,0,0,0,0,0,0,0,0,0,0,0,0,0,0,0,0,0,0,0,0,0,0,0,0,0,0,0,0,0,0,0,0,0,0,0,0,0,0,0,0,0,0,0,0,0,0,0,0,0,0,0,0,0,0,0,0,0,0,0,0,0.0,0,0,0,0,0,0,0,0,0,0,0,0,0,0,0,0,0,0,0,0,0,0,0,0,0,0,0,0,0,0,0,0.000000204025457,0.000000204755648,0,0,0.0003483,5.47847662855816,0,5.49373364414743,0,0.0000002038091152,0.0000002047042061,0,0,0.00034903,0,0,0,0,0,0,0,0,0,0.0000179402537171,0.85,0.0000179579106713,0,0,0,0,0,1.00101,0,0,0,0,0,0,0,0,0,0,0,0,0,0,0,0,0,0,0,0,0,0,0,0,0,0,0,0,0,0,0,0,0,0,0,0,0,0,0,0,0,0,0,0,0,0.0000152646,0.0000179584,0.85,0,0.173604837326697,0.000087927373467
14747443,2022-05-10 08:04:34,0,0,0,0,0,0,0,0,0,0,0,0,0,0,0,0,0,0,0,0,0,0,0,0,0,0,0,0,0,0,0,0,0,0,0,0,0,0,0,498.275230157219,498.275230157219,499.786989780859,0,0,0.00041823,0,0,0,0,0,0,0,0,0,0,0,0,0,0,0,0,0,0,0,0,0,0,0,0,0,0,0,0,0,0,0,0,0,0,0,0,0,0,0,0,0,0,0,0,0,0,0,0,0,0,0,0,0,0,0,0,0,0.0154264906657989,0.0154264906657989,0.0154722842026311,0,0,0.00041938,0,0,0,0,0,0,0,0,0,0,0,0,0,0,0,0,0,0,0,0,0,0,0,0,0,0,0,0,0,0,0,0,0,0,0,0,0,0,0,0,0,0,0,0,0,0,0,0,0,0,0,0,0,0,0,0,0,0,0,0,0,0,0,0,0,0,0,0,0,0,0,0,0,0,0,0,0,0,0,0,0,0,0,0,0,0,0,0,0,0.0,0,0,0,0,0,0,0,0,0,0,0,0,0,0,0,0,0,0,0,0,0,0,0,0,0,0,0,0,0,0,0,0.000000204145160,0.000000204755648,0,0,0.0004186,5.48063847624448,0,5.49373364414743,0,0.0000002039356731,0.0000002047042061,0,0,0.00041857,0,0,0,0,0,0,0,0,0,0.0000179434477343,0.85,0.0000179579106713,0,0,0,0,0,1.000418,0,0,0,0,0,0,0,0,0,0,0,0,0,0,0,0,0,0,0,0,0,0,0,0,0,0,0,0,0,0,0,0,0,0,0,0,0,0,0,0,0,0,0,0,0,0.0000152583,0.0000179509,0.85,0,0.208400119070309,0.000073216397137
14793811,2022-05-17 17:19:00,0,0,0,0,0,0,0,0,0,0,0,0,0,0,0,0,0,0,0,0,0,0,0,0,0,0,0,0,0,0,0,0,0,0,0,0,0,0,0,498.566031281155,498.566031281155,499.786989780859,0,0,0.00048547,0,0,0,0,0,0,0,0,0,0,0,0,0,0,0,0,0,0,0,0,0,0,0,0,0,0,0,0,0,0,0,0,0,0,0,0,0,0,0,0,0,0,0,0,0,0,0,0,0,0,0,0,0,0,0,0,0,0.0154338207121318,0.0154338207121318,0.0154722842026311,0,0,0.00048626,0,0,0,0,0,0,0,0,0,0,0,0,0,0,0,0,0,0,0,0,0,0,0,0,0,0,0,0,0,0,0,0,0,0,0,0,0,0,0,0,0,0,0,0,0,0,0,0,0,0,0,0,0,0,0,0,0,0,0,0,0,0,0,0,0,0,0,0,0,0,0,0,0,0,0,0,0,0,0,0,0,0,0,0,0,0,0,0,0,0.0,0,0,0,0,0,0,0,0,0,0,0,0,0,0,0,0,0,0,0,0,0,0,0,0,0,0,0,0,0,0,0,0.000000204274599,0.000000204755648,0,0,0.00048496,5.48334557762862,0,5.49373364414743,0,0.0000002040769928,0.0000002047042061,0,0,0.00048431,0,0,0,0,0,0,0,0,0,0.0000179456132602,0.85,0.0000179579106713,0,0,0,0,0,1,0,0,0,0,0,0,0,0,0,0,0,0,0,0,0,0,0,0,0,0,0,0,0,0,0,0,0,0,0,0,0,0,0,0,0,0,0,0,0,0,0,0,0,0,0,0.0000152538,0.0000179456,0.85,0,0.242046356055722,0.000063020040953
14840179,2022-05-25 05:54:47,0,0,0,0,0,0,0,0,0,0,0,0,0,0,0,0,0,0,0,0,0,0,0,0,0,0,0,0,0,0,0,0,0,0,0,0,0,0,0,498.865751601421,498.865751601421,499.786989780859,0,0,0.00050002,0,0,0,0,0,0,0,0,0,0,0,0,0,0,0,0,0,0,0,0,0,0,0,0,0,0,0,0,0,0,0,0,0,0,0,0,0,0,0,0,0,0,0,0,0,0,0,0,0,0,0,0,0,0,0,0,0,0.0154432538586732,0.0154432538586732,0.0154722842026311,0,0,0.00050149,0,0,0,0,0,0,0,0,0,0,0,0,0,0,0,0,0,0,0,0,0,0,0,0,0,0,0,0,0,0,0,0,0,0,0,0,0,0,0,0,0,0,0,0,0,0,0,0,0,0,0,0,0,0,0,0,0,0,0,0,0,0,0,0,0,0,0,0,0,0,0,0,0,0,0,0,0,0,0,0,0,0,0,0,0,0,0,0,0,0.0,0,0,0,0,0,0,0,0,0,0,0,0,0,0,0,0,0,0,0,0,0,0,0,0,0,0,0,0,0,0,0,0.000000204380836,0.000000204755648,0,0,0.00050161,5.48565168300002,0,5.49373364414743,0,0.0000002042083871,0.0000002047042061,0,0,0.00050103,0,0,0,0,0,0,0,0,0,0.0000179476560077,0.85,0.0000179579106713,0,0,0,0,0,1,0,0,0,0,0,0,0,0,0,0,0,0,0,0,0,0,0,0,0,0,0,0,0,0,0,0,0,0,0,0,0,0,0,0,0,0,0,0,0,0,0,0,0,0,0,0.0000152555,0.0000179477,0.85,0,0.24945059775312,0.000061156428343
14886547,2022-06-01 19:16:03,0,0,0,0,0,0,0,0,0,0,0,0,0,0,0,0,0,0,0,0,0,0,0,0,0,0,0,0,0,0,0,0,0,0,0,0,0,0,0,499.067449070922,499.067449070922,499.786989780859,0,0,0.00054888,0,0,0,0,0,0,0,0,0,0,0,0,0,0,0,0,0,0,0,0,0,0,0,0,0,0,0,0,0,0,0,0,0,0,0,0,0,0,0,0,0,0,0,0,0,0,0,0,0,0,0,0,0,0,0,0,0,0.01544911229494,0.01544911229494,0.0154722842026311,0,0,0.00054877,0,0,0,0,0,0,0,0,0,0,0,0,0,0,0,0,0,0,0,0,0,0,0,0,0,0,0,0,0,0,0,0,0,0,0,0,0,0,0,0,0,0,0,0,0,0,0,0,0,0,0,0,0,0,0,0,0,0,0,0,0,0,0,0,0,0,0,0,0,0,0,0,0,0,0,0,0,0,0,0,0,0,0,0,0,0,0,0,0,0.0,0,0,0,0,0,0,0,0,0,0,0,0,0,0,0,0,0,0,0,0,0,0,0,0,0,0,0,0,0,0,0,0.000000204449093,0.000000204755648,0,0,0.00054923,5.48700498149334,0,5.49373364414743,0,0.0000002042953878,0.0000002047042061,0,0,0.00054949,0,0,0,0,0,0,0,0,0,0.0000179493677874,0.85,0.0000179579106713,0,0,0,0,0,1,0,0,0,0,0,0,0,0,0,0,0,0,0,0,0,0,0,0,0,0,0,0,0,0,0,0,0,0,0,0,0,0,0,0,0,0,0,0,0,0,0,0,0,0,0,0.0000152570,0.0000179494,0.85,0,0.273936619455402,0.000055695228515
14932915,2022-06-09 13:47:34,0,0,0,0,0,0,0,0,0,0,0,0,0,0,0,0,0,0,0,0,0,0,0,0,0,0,0,0,0,0,0,0,0,0,0,0,0,0,0,499.067449070922,499.067449070922,499.786989780859,0,0,0.00055123,0,0,0,0,0,0,0,0,0,0,0,0,0,0,0,0,0,0,0,0,0,0,0,0,0,0,0,0,0,0,0,0,0,0,0,0,0,0,0,0,0,0,0,0,0,0,0,0,0,0,0,0,0,0,0,0,0,0.01544911229494,0.01544911229494,0.0154722842026311,0,0,0.00055311,0,0,0,0,0,0,0,0,0,0,0,0,0,0,0,0,0,0,0,0,0,0,0,0,0,0,0,0,0,0,0,0,0,0,0,0,0,0,0,0,0,0,0,0,0,0,0,0,0,0,0,0,0,0,0,0,0,0,0,0,0,0,0,0,0,0,0,0,0,0,0,0,0,0,0,0,0,0,0,0,0,0,0,0,0,0,0,0,0,0.0,0,0,0,0,0,0,0,0,0,0,0,0,0,0,0,0,0,0,0,0,0,0,0,0,0,0,0,0,0,0,0,0.000000204449093,0.000000204755648,0,0,0.00055077,5.48700498149334,0,5.49373364414743,0,0.0000002042953878,0.0000002047042061,0,0,0.00055091,0,0,0,0,0,0,0,0,0,0.0000179493677874,0.85,0.0000179579106713,0,0,0,0,0,0.9992637,0,0,0,0,0,0,0,0,0,0,0,0,0,0,0,0,0,0,0,0,0,0,0,0,0,0,0,0,0,0,0,0,0,0,0,0,0,0,0,0,0,0,0,0,0,0.0000152457,0.0000179362,0.85,0,0.275109495009866,0.000055416949230
14979283,2022-06-17 12:59:11,0,0,0,0,0,0,0,0,0,0,0,0,0,0,0,0,0,0,0,0,0,0,0,0,0,0,0,0,0,0,0,0,0,0,0,0,0,0,0,499.594388125438,499.594388125438,499.786989780859,0,0,0.00092076,0,0,0,0,0,0,0,0,0,0,0,0,0,0,0,0,0,0,0,0,0,0,0,0,0,0,0,0,0,0,0,0,0,0,0,0,0,0,0,0,0,0,0,0,0,0,0,0,0,0,0,0,0,0,0,0,0,0.0154684280521821,0.0154684280521821,0.0154722842026311,0,0,0.00092929,0,0,0,0,0,0,0,0,0,0,0,0,0,0,0,0,0,0,0,0,0,0,0,0,0,0,0,0,0,0,0,0,0,0,0,0,0,0,0,0,0,0,0,0,0,0,0,0,0,0,0,0,0,0,0,0,0,0,0,0,0,0,0,0,0,0,0,0,0,0,0,0,0,0,0,0,0,0,0,0,0,0,0,0,0,0,0,0,0,0.0,0,0,0,0,0,0,0,0,0,0,0,0,0,0,0,0,0,0,0,0,0,0,0,0,0,0,0,0,0,0,0,0.000000204666998,0.000000204755648,0,0,0.0009275,5.49082226177566,0,5.49373364414743,0,0.0000002045499473,0.0000002047042061,0,0,0.00092586,0,0,0,0,0,0,0,0,0,0.0000179556615138,0.85,0.0000179579106713,0,0,0,0,0,0.99900763,0,0,0,0,0,0,0,0,0,0,0,0,0,0,0,0,0,0,0,0,0,0,0,0,0,0,0,0,0,0,0,0,0,0,0,0,0,0,0,0,0,0,0,0,0,0.0000152472,0.0000179378,0.85,0,0.460020903465883,0.000033144507806
15025651,2022-06-25 21:24:39,0,0,0,0,0,0,0,0,0,0,0,0,0,0,0,0,0,0,0,0,0,0,0,0,0,0,0,0,0,0,0,0,0,0,0,0,0,0,0,499.786989780859,499.786989780859,499.786989780859,0,0,0.00082318,0,0,0,0,0,0,0,0,0,0,0,0,0,0,0,0,0,0,0,0,0,0,0,0,0,0,0,0,0,0,0,0,0,0,0,0,0,0,0,0,0,0,0,0,0,0,0,0,0,0,0,0,0,0,0,0,0,0.0154722842026311,0.0154722842026311,0.0154722842026311,0,0,0.00081877,0,0,0,0,0,0,0,0,0,0,0,0,0,0,0,0,0,0,0,0,0,0,0,0,0,0,0,0,0,0,0,0,0,0,0,0,0,0,0,0,0,0,0,0,0,0,0,0,0,0,0,0,0,0,0,0,0,0,0,0,0,0,0,0,0,0,0,0,0,0,0,0,0,0,0,0,0,0,0,0,0,0,0,0,0,0,0,0,0,0.0,0,0,0,0,0,0,0,0,0,0,0,0,0,0,0,0,0,0,0,0,0,0,0,0,0,0,0,0,0,0,0,0.000000204755648,0.000000204755648,0,0,0.00081888,5.49373364414743,0,5.49373364414743,0,0.0000002047042061,0.0000002047042061,0,0,0.00081746,0,0,0,0,0,0,0,0,0,0.0000179579106713,0.85,0.0000179579106713,0,0,0,0,0,1.000782,0,0,0,0,0,0,0,0,0,0,0,0,0,0,0,0,0,0,0,0,0,0,0,0,0,0,0,0,0,0,0,0,0,0,0,0,0,0,0,0,0,0,0,0,0,0.0000152762,0.0000179720,0.85,0,0.411427322489944,0.000037129669953
